name,n_depots,n_required_edges,n_nodes,lb_opt_1,lb_opt_2,lb_opt,sol_1,sol2,sol,approx,ub_approx
2_10_0,2,10,22,1166.89,1166.89,1166.89,2092,2134,2092,1.7928,1.8,
2_10_1,2,10,22,918.222,918.222,918.222,1639,1708,1639,1.78497,1.8,
2_10_2,2,10,22,1062.22,1062.22,1062.22,1900,1960,1900,1.7887,1.8,
2_10_3,2,10,22,1143.11,1143.11,1143.11,2046,2104,2046,1.78985,1.8,
2_10_4,2,10,22,854.889,854.889,854.889,1524,1598,1524,1.78269,1.8,
2_10_5,2,10,22,1107.22,1107.22,1107.22,1962,2117,1962,1.772,1.8,
2_10_6,2,10,22,1010,1010,1010,1819,1814,1814,1.79604,1.8,
2_10_7,2,10,22,932.444,932.444,932.444,1655,1772,1655,1.7749,1.8,
2_10_8,2,10,22,1036.44,1036.44,1036.44,1850,1928,1850,1.78495,1.8,
2_10_9,2,10,22,803.111,803.111,803.111,1456,1404,1404,1.7482,1.8,
2_10_10,2,10,22,1101.78,1101.78,1101.78,1973,2024,1973,1.79074,1.8,
2_10_11,2,10,22,910,910,910,1659,1554,1554,1.70769,1.8,
2_10_12,2,10,22,1045.33,1045.33,1045.33,1877,1900,1877,1.7956,1.8,
2_10_13,2,10,22,815.222,815.222,815.222,1471,1453,1453,1.78234,1.8,
2_10_14,2,10,22,1056.22,1056.22,1056.22,1880,1986,1880,1.77993,1.8,
2_10_15,2,10,22,1034,1034,1034,1845,1926,1845,1.78433,1.8,
2_10_16,2,10,22,1045.78,1045.78,1045.78,1873,1920,1873,1.79101,1.8,
2_10_17,2,10,22,942.111,942.111,942.111,1717,1611,1611,1.70999,1.8,
2_10_18,2,10,22,1074.44,1074.44,1074.44,1912,2022,1912,1.77952,1.8,
2_10_19,2,10,22,1332.22,1332.22,1332.22,2387,2442,2387,1.79174,1.8,
2_10_20,2,10,22,1064.33,1064.33,1064.33,1902,1971,1902,1.78703,1.8,
2_10_21,2,10,22,1026.44,1026.44,1026.44,1835,1898,1835,1.78772,1.8,
2_10_22,2,10,22,1090.44,1090.44,1090.44,1919,2138,1919,1.75983,1.8,
2_10_23,2,10,22,1213.33,1213.33,1213.33,2169,2244,2169,1.78764,1.8,
2_10_24,2,10,22,876.667,876.667,876.667,1545,1710,1545,1.76236,1.8,
2_10_25,2,10,22,1059.78,1059.78,1059.78,1897,1950,1897,1.79,1.8,
2_10_26,2,10,22,753.333,753.333,753.333,1350,1380,1350,1.79204,1.8,
2_10_27,2,10,22,888.111,888.111,888.111,1617,1525,1525,1.71713,1.8,
2_10_28,2,10,22,1162.56,1162.56,1162.56,2101,2059,2059,1.7711,1.8,
2_10_29,2,10,22,1056.11,1056.11,1056.11,1880,1985,1880,1.78012,1.8,
2_10_30,2,10,22,1054.11,1054.11,1054.11,1853,2075,1853,1.75788,1.8,
2_10_31,2,10,22,1247.78,1247.78,1247.78,2226,2326,2226,1.78397,1.8,
2_10_32,2,10,22,1048.44,1048.44,1048.44,1872,1948,1872,1.7855,1.8,
2_10_33,2,10,22,787.778,787.778,787.778,1408,1458,1408,1.78731,1.8,
2_10_34,2,10,22,959,959,959,1710,1791,1710,1.78311,1.8,
2_10_35,2,10,22,1007.44,1007.44,1007.44,1797,1879,1797,1.78372,1.8,
2_10_36,2,10,22,940.667,940.667,940.667,1671,1782,1671,1.7764,1.8,
2_10_37,2,10,22,1118.22,1118.22,1118.22,1998,2072,1998,1.78676,1.8,
2_10_38,2,10,22,1088.11,1088.11,1088.11,1911,2149,1911,1.75625,1.8,
2_10_39,2,10,22,751.778,751.778,751.778,1336,1422,1336,1.77712,1.8,
2_10_40,2,10,22,1177.11,1177.11,1177.11,2101,2190,2101,1.78488,1.8,
2_10_41,2,10,22,1016.44,1016.44,1016.44,1799,1952,1799,1.7699,1.8,
2_10_42,2,10,22,809.556,809.556,809.556,1459,1450,1450,1.79111,1.8,
2_10_43,2,10,22,938.889,938.889,938.889,1669,1774,1669,1.77763,1.8,
2_10_44,2,10,22,802.667,802.667,802.667,1429,1508,1429,1.78032,1.8,
2_10_45,2,10,22,1032.89,1032.89,1032.89,1835,1956,1835,1.77657,1.8,
2_10_46,2,10,22,873.222,873.222,873.222,1562,1611,1562,1.78878,1.8,
2_10_47,2,10,22,879.444,879.444,879.444,1600,1515,1515,1.72268,1.8,
2_10_48,2,10,22,1020,1020,1020,1820,1900,1820,1.78431,1.8,
2_10_49,2,10,22,833.444,833.444,833.444,1491,1537,1491,1.78896,1.8,
2_10_50,2,10,22,923.111,923.111,923.111,1639,1752,1639,1.77552,1.8,
2_10_51,2,10,22,1061.67,1061.67,1061.67,1898,1963,1898,1.78776,1.8,
2_10_52,2,10,22,956.667,956.667,956.667,1704,1794,1704,1.78118,1.8,
2_10_53,2,10,22,1091.78,1091.78,1091.78,1965,1966,1965,1.79982,1.8,
2_10_54,2,10,22,1062.44,1062.44,1062.44,1889,2006,1889,1.77798,1.8,
2_10_55,2,10,22,1010.33,1010.33,1010.33,1803,1881,1803,1.78456,1.8,
2_10_56,2,10,22,1066.44,1066.44,1066.44,1901,1994,1901,1.78256,1.8,
2_10_57,2,10,22,1023.78,1023.78,1023.78,1824,1918,1824,1.78164,1.8,
2_10_58,2,10,22,896,896,896,1594,1688,1594,1.77902,1.8,
2_10_59,2,10,22,1072.44,1072.44,1072.44,1914,1996,1914,1.78471,1.8,
2_10_60,2,10,22,1006.56,1006.56,1006.56,1783,1927,1783,1.77139,1.8,
2_10_61,2,10,22,803.222,803.222,803.222,1424,1533,1424,1.77286,1.8,
2_10_62,2,10,22,982,982,982,1749,1842,1749,1.78106,1.8,
2_10_63,2,10,22,863.556,863.556,863.556,1522,1684,1522,1.76248,1.8,
2_10_64,2,10,22,979.667,979.667,979.667,1746,1833,1746,1.78224,1.8,
2_10_65,2,10,22,969.111,969.111,969.111,1707,1894,1707,1.76141,1.8,
2_10_66,2,10,22,1147.11,1147.11,1147.11,2053,2112,2053,1.78971,1.8,
2_10_67,2,10,22,944.889,944.889,944.889,1684,1768,1684,1.78222,1.8,
2_10_68,2,10,22,1131.11,1131.11,1131.11,2014,2124,2014,1.78055,1.8,
2_10_69,2,10,22,865.778,865.778,865.778,1549,1596,1549,1.78914,1.8,
2_10_70,2,10,22,1151.78,1151.78,1151.78,2034,2230,2034,1.76597,1.8,
2_10_71,2,10,22,1272.33,1272.33,1272.33,2285,2311,2285,1.79591,1.8,
2_10_72,2,10,22,972.778,972.778,972.778,1786,1611,1611,1.65608,1.8,
2_10_73,2,10,22,870.222,870.222,870.222,1547,1644,1547,1.77771,1.8,
2_10_74,2,10,22,1050.44,1050.44,1050.44,1876,1950,1876,1.78591,1.8,
2_10_75,2,10,22,1064,1064,1064,1946,1792,1792,1.68421,1.8,
2_10_76,2,10,22,1066.89,1066.89,1066.89,1896,2018,1896,1.77713,1.8,
2_10_77,2,10,22,1184.44,1184.44,1184.44,2101,2256,2101,1.77383,1.8,
2_10_78,2,10,22,1023.33,1023.33,1023.33,1827,1902,1827,1.78534,1.8,
2_10_79,2,10,22,862,862,862,1542,1590,1542,1.78886,1.8,
2_10_80,2,10,22,888.444,888.444,888.444,1580,1676,1580,1.77839,1.8,
2_10_81,2,10,22,997.111,997.111,997.111,1784,1838,1784,1.78917,1.8,
2_10_82,2,10,22,897.222,897.222,897.222,1611,1631,1611,1.79554,1.8,
2_10_83,2,10,22,827.222,827.222,827.222,1463,1593,1463,1.76857,1.8,
2_10_84,2,10,22,1051.78,1051.78,1051.78,1882,1938,1882,1.78935,1.8,
2_10_85,2,10,22,926.222,926.222,926.222,1616,1872,1616,1.74472,1.8,
2_10_86,2,10,22,1105.78,1105.78,1105.78,1980,2032,1980,1.79059,1.8,
2_10_87,2,10,22,945.778,945.778,945.778,1714,1656,1656,1.75094,1.8,
2_10_88,2,10,22,1031.33,1031.33,1031.33,1835,1942,1835,1.77925,1.8,
2_10_89,2,10,22,858.333,858.333,858.333,1526,1621,1526,1.77786,1.8,
2_10_90,2,10,22,1162.56,1162.56,1162.56,2078,2151,2078,1.78744,1.8,
2_10_91,2,10,22,1047.11,1047.11,1047.11,1835,2084,1835,1.75244,1.8,
2_10_92,2,10,22,1195.78,1195.78,1195.78,2152,2154,2152,1.79967,1.8,
2_10_93,2,10,22,1143.78,1143.78,1143.78,2074,1998,1998,1.74684,1.8,
2_10_94,2,10,22,1052.33,1052.33,1052.33,1892,1903,1892,1.79791,1.8,
2_10_95,2,10,22,890,890,890,1592,1642,1592,1.78876,1.8,
2_10_96,2,10,22,1332.89,1332.89,1332.89,2385,2456,2385,1.78935,1.8,
2_10_97,2,10,22,1168,1168,1168,2037,2364,2037,1.74401,1.8,
2_10_98,2,10,22,1202.33,1202.33,1202.33,2156,2197,2156,1.79318,1.8,
2_10_99,2,10,22,1147.33,1147.33,1147.33,2055,2106,2055,1.79111,1.8,
2_20_0,2,20,42,1828,1828,1828,3272,3364,3272,1.78993,1.8,
2_20_1,2,20,42,2290.89,2290.89,2290.89,4105,4198,4105,1.79188,1.8,
2_20_2,2,20,42,2431.11,2431.11,2431.11,4329,4564,4329,1.78067,1.8,
2_20_3,2,20,42,2305.11,2305.11,2305.11,4133,4214,4133,1.79297,1.8,
2_20_4,2,20,42,1637.22,1637.22,1637.22,2968,2863,2863,1.74869,1.8,
2_20_5,2,20,42,2014,2014,2014,3585,3786,3585,1.78004,1.8,
2_20_6,2,20,42,1909.33,1909.33,1909.33,3406,3560,3406,1.78387,1.8,
2_20_7,2,20,42,1884.67,1884.67,1884.67,3378,3450,3378,1.79236,1.8,
2_20_8,2,20,42,1735.56,1735.56,1735.56,3161,2976,2976,1.71472,1.8,
2_20_9,2,20,42,1907,1907,1907,3452,3355,3355,1.75931,1.8,
2_20_10,2,20,42,2057.78,2057.78,2057.78,3700,3720,3700,1.79806,1.8,
2_20_11,2,20,42,2064.78,2064.78,2064.78,3724,3687,3687,1.78566,1.8,
2_20_12,2,20,42,1644.56,1644.56,1644.56,2941,3037,2941,1.78833,1.8,
2_20_13,2,20,42,1845.22,1845.22,1845.22,3355,3187,3187,1.72716,1.8,
2_20_14,2,20,42,2019.89,2019.89,2019.89,3602,3771,3602,1.78327,1.8,
2_20_15,2,20,42,2177.11,2177.11,2177.11,3910,3954,3910,1.79596,1.8,
2_20_16,2,20,42,1835.11,1835.11,1835.11,3285,3376,3285,1.79008,1.8,
2_20_17,2,20,42,2175,2175,2175,3889,4019,3889,1.78805,1.8,
2_20_18,2,20,42,2000.56,2000.56,2000.56,3619,3529,3529,1.76401,1.8,
2_20_19,2,20,42,1945.11,1945.11,1945.11,3507,3478,3478,1.78807,1.8,
2_20_20,2,20,42,2032.22,2032.22,2032.22,3627,3782,3627,1.78475,1.8,
2_20_21,2,20,42,2214.33,2214.33,2214.33,3923,4237,3923,1.77164,1.8,
2_20_22,2,20,42,1718.78,1718.78,1718.78,3064,3213,3064,1.78266,1.8,
2_20_23,2,20,42,2250.78,2250.78,2250.78,3995,4277,3995,1.77494,1.8,
2_20_24,2,20,42,1980.56,1980.56,1980.56,3517,3757,3517,1.77576,1.8,
2_20_25,2,20,42,1915.78,1915.78,1915.78,3492,3274,3274,1.70897,1.8,
2_20_26,2,20,42,2020.78,2020.78,2020.78,3637,3639,3637,1.7998,1.8,
2_20_27,2,20,42,2248,2248,2248,4026,4128,4026,1.79093,1.8,
2_20_28,2,20,42,1943.67,1943.67,1943.67,3477,3585,3477,1.78889,1.8,
2_20_29,2,20,42,2250.89,2250.89,2250.89,4095,3878,3878,1.72287,1.8,
2_20_30,2,20,42,1743,1743,1743,3139,3131,3131,1.79633,1.8,
2_20_31,2,20,42,2113.78,2113.78,2113.78,3783,3892,3783,1.78969,1.8,
2_20_32,2,20,42,2466.22,2466.22,2466.22,4442,4428,4428,1.79546,1.8,
2_20_33,2,20,42,2302.11,2302.11,2302.11,4113,4267,4113,1.78662,1.8,
2_20_34,2,20,42,2279.89,2279.89,2279.89,4109,4083,4083,1.79088,1.8,
2_20_35,2,20,42,1429.56,1429.56,1429.56,2542,2698,2542,1.77818,1.8,
2_20_36,2,20,42,2058.67,2058.67,2058.67,3751,3524,3524,1.71179,1.8,
2_20_37,2,20,42,2124.67,2124.67,2124.67,3795,3942,3795,1.78616,1.8,
2_20_38,2,20,42,1908.22,1908.22,1908.22,3461,3330,3330,1.74508,1.8,
2_20_39,2,20,42,2185.78,2185.78,2185.78,3885,4132,3885,1.7774,1.8,
2_20_40,2,20,42,2037,2037,2037,3671,3649,3649,1.79136,1.8,
2_20_41,2,20,42,1883.44,1883.44,1883.44,3396,3367,3367,1.78768,1.8,
2_20_42,2,20,42,1779.56,1779.56,1779.56,3164,3360,3164,1.77797,1.8,
2_20_43,2,20,42,2041.22,2041.22,2041.22,3688,3619,3619,1.77296,1.8,
2_20_44,2,20,42,1994.56,1994.56,1994.56,3609,3515,3515,1.7623,1.8,
2_20_45,2,20,42,1699.67,1699.67,1699.67,3061,3053,3053,1.79623,1.8,
2_20_46,2,20,42,2208.44,2208.44,2208.44,3974,3980,3974,1.79946,1.8,
2_20_47,2,20,42,1890.78,1890.78,1890.78,3398,3425,3398,1.79714,1.8,
2_20_48,2,20,42,1950.89,1950.89,1950.89,3475,3658,3475,1.78124,1.8,
2_20_49,2,20,42,1587.33,1587.33,1587.33,2847,2898,2847,1.79357,1.8,
2_20_50,2,20,42,1908.89,1908.89,1908.89,3444,3404,3404,1.78324,1.8,
2_20_51,2,20,42,2029.22,2029.22,2029.22,3648,3671,3648,1.79773,1.8,
2_20_52,2,20,42,1987.56,1987.56,1987.56,3568,3616,3568,1.79517,1.8,
2_20_53,2,20,42,1963,1963,1963,3508,3635,3508,1.78706,1.8,
2_20_54,2,20,42,2005.67,2005.67,2005.67,3582,3723,3582,1.78594,1.8,
2_20_55,2,20,42,1711.56,1711.56,1711.56,3056,3180,3056,1.78551,1.8,
2_20_56,2,20,42,1986.44,1986.44,1986.44,3653,3266,3266,1.64414,1.8,
2_20_57,2,20,42,1769,1769,1769,3125,3421,3125,1.76653,1.8,
2_20_58,2,20,42,1933.56,1933.56,1933.56,3464,3546,3464,1.79152,1.8,
2_20_59,2,20,42,1548.22,1548.22,1548.22,2754,2918,2754,1.77881,1.8,
2_20_60,2,20,42,1755.22,1755.22,1755.22,3155,3177,3155,1.79749,1.8,
2_20_61,2,20,42,1893.33,1893.33,1893.33,3389,3484,3389,1.78996,1.8,
2_20_62,2,20,42,2229.33,2229.33,2229.33,3986,4120,3986,1.78798,1.8,
2_20_63,2,20,42,1982.44,1982.44,1982.44,3593,3470,3470,1.75036,1.8,
2_20_64,2,20,42,2015.33,2015.33,2015.33,3569,3862,3569,1.77092,1.8,
2_20_65,2,20,42,1962.89,1962.89,1962.89,3566,3402,3402,1.73316,1.8,
2_20_66,2,20,42,1807.44,1807.44,1807.44,3265,3207,3207,1.77433,1.8,
2_20_67,2,20,42,1688.22,1688.22,1688.22,3028,3082,3028,1.7936,1.8,
2_20_68,2,20,42,2109.78,2109.78,2109.78,3775,3888,3775,1.78929,1.8,
2_20_69,2,20,42,1833.11,1833.11,1833.11,3298,3306,3298,1.79913,1.8,
2_20_70,2,20,42,1976.44,1976.44,1976.44,3575,3488,3488,1.76479,1.8,
2_20_71,2,20,42,1800.44,1800.44,1800.44,3214,3348,3214,1.78511,1.8,
2_20_72,2,20,42,1785.78,1785.78,1785.78,3264,3016,3016,1.6889,1.8,
2_20_73,2,20,42,2193.56,2193.56,2193.56,3937,3994,3937,1.7948,1.8,
2_20_74,2,20,42,1846.89,1846.89,1846.89,3334,3286,3286,1.77921,1.8,
2_20_75,2,20,42,1967.56,1967.56,1967.56,3576,3404,3404,1.73007,1.8,
2_20_76,2,20,42,2165.22,2165.22,2165.22,3903,3875,3875,1.78965,1.8,
2_20_77,2,20,42,1908.56,1908.56,1908.56,3423,3485,3423,1.7935,1.8,
2_20_78,2,20,42,2187.56,2187.56,2187.56,3942,3920,3920,1.79195,1.8,
2_20_79,2,20,42,2258.22,2258.22,2258.22,4033,4192,4033,1.78592,1.8,
2_20_80,2,20,42,2234,2234,2234,3970,4226,3970,1.77708,1.8,
2_20_81,2,20,42,2054.44,2054.44,2054.44,3660,3850,3660,1.7815,1.8,
2_20_82,2,20,42,2027,2027,2027,3667,3575,3575,1.76369,1.8,
2_20_83,2,20,42,2078.44,2078.44,2078.44,3709,3870,3709,1.78451,1.8,
2_20_84,2,20,42,1623.33,1623.33,1623.33,2912,2962,2912,1.79384,1.8,
2_20_85,2,20,42,2152.22,2152.22,2152.22,3828,4058,3828,1.77863,1.8,
2_20_86,2,20,42,1982.56,1982.56,1982.56,3543,3671,3543,1.78709,1.8,
2_20_87,2,20,42,2066.89,2066.89,2066.89,3746,3618,3618,1.75046,1.8,
2_20_88,2,20,42,2308,2308,2308,4129,4256,4129,1.78899,1.8,
2_20_89,2,20,42,2130.33,2130.33,2130.33,3864,3717,3717,1.7448,1.8,
2_20_90,2,20,42,1876.33,1876.33,1876.33,3401,3283,3283,1.74969,1.8,
2_20_91,2,20,42,1871.11,1871.11,1871.11,3380,3320,3320,1.77435,1.8,
2_20_92,2,20,42,1893.56,1893.56,1893.56,3423,3350,3350,1.76916,1.8,
2_20_93,2,20,42,1741.67,1741.67,1741.67,3132,3147,3132,1.79828,1.8,
2_20_94,2,20,42,1936.67,1936.67,1936.67,3449,3634,3449,1.7809,1.8,
2_20_95,2,20,42,2380,2380,2380,4255,4400,4255,1.78782,1.8,
2_20_96,2,20,42,2292.11,2292.11,2292.11,4117,4161,4117,1.79616,1.8,
2_20_97,2,20,42,1925.33,1925.33,1925.33,3435,3588,3435,1.78411,1.8,
2_20_98,2,20,42,1833.78,1833.78,1833.78,3317,3236,3236,1.76466,1.8,
2_20_99,2,20,42,2018.44,2018.44,2018.44,3641,3602,3602,1.78454,1.8,
2_40_0,2,40,82,4036,4036,4036,7256,7300,7256,1.79782,1.8,
2_40_1,2,40,82,3695,3695,3695,6600,6855,6600,1.7862,1.8,
2_40_2,2,40,82,3890.33,3890.33,3890.33,7061,6769,6769,1.73995,1.8,
2_40_3,2,40,82,4056,4056,4056,7309,7268,7268,1.79191,1.8,
2_40_4,2,40,82,3500,3500,3500,6302,6292,6292,1.79771,1.8,
2_40_5,2,40,82,3499.89,3499.89,3499.89,6308,6267,6267,1.79063,1.8,
2_40_6,2,40,82,3956.67,3956.67,3956.67,7164,6954,6954,1.75754,1.8,
2_40_7,2,40,82,3933.33,3933.33,3933.33,7114,6944,6944,1.76542,1.8,
2_40_8,2,40,82,3495.67,3495.67,3495.67,6299,6265,6265,1.79222,1.8,
2_40_9,2,40,82,4277.67,4277.67,4277.67,7714,7643,7643,1.78672,1.8,
2_40_10,2,40,82,4320.89,4320.89,4320.89,7738,7936,7738,1.79084,1.8,
2_40_11,2,40,82,4110.67,4110.67,4110.67,7385,7456,7385,1.79655,1.8,
2_40_12,2,40,82,4263.22,4263.22,4263.22,7716,7505,7505,1.76041,1.8,
2_40_13,2,40,82,4451.56,4451.56,4451.56,8025,7964,7964,1.78904,1.8,
2_40_14,2,40,82,3947.67,3947.67,3947.67,7128,7017,7017,1.77751,1.8,
2_40_15,2,40,82,3623.11,3623.11,3623.11,6516,6544,6516,1.79845,1.8,
2_40_16,2,40,82,4161.78,4161.78,4161.78,7494,7480,7480,1.79731,1.8,
2_40_17,2,40,82,3841.44,3841.44,3841.44,6897,6985,6897,1.79542,1.8,
2_40_18,2,40,82,3424.78,3424.78,3424.78,6187,6075,6075,1.77384,1.8,
2_40_19,2,40,82,3372.56,3372.56,3372.56,6035,6213,6035,1.78944,1.8,
2_40_20,2,40,82,3645.11,3645.11,3645.11,6595,6426,6426,1.76291,1.8,
2_40_21,2,40,82,3644.11,3644.11,3644.11,6579,6481,6481,1.77849,1.8,
2_40_22,2,40,82,3832.44,3832.44,3832.44,6881,6968,6881,1.79546,1.8,
2_40_23,2,40,82,3783.33,3783.33,3783.33,6869,6574,6574,1.73762,1.8,
2_40_24,2,40,82,3290.44,3290.44,3290.44,5954,5798,5798,1.76207,1.8,
2_40_25,2,40,82,3563.78,3563.78,3563.78,6436,6330,6330,1.77621,1.8,
2_40_26,2,40,82,3975.44,3975.44,3975.44,7247,6791,6791,1.70824,1.8,
2_40_27,2,40,82,3589.67,3589.67,3589.67,6480,6387,6387,1.77927,1.8,
2_40_28,2,40,82,3518.78,3518.78,3518.78,6369,6193,6193,1.75999,1.8,
2_40_29,2,40,82,4058.67,4058.67,4058.67,7339,7172,7172,1.76708,1.8,
2_40_30,2,40,82,3860.11,3860.11,3860.11,6992,6773,6773,1.75461,1.8,
2_40_31,2,40,82,3556.89,3556.89,3556.89,6390,6452,6390,1.79651,1.8,
2_40_32,2,40,82,4098.33,4098.33,4098.33,7381,7361,7361,1.7961,1.8,
2_40_33,2,40,82,3984.67,3984.67,3984.67,7252,6854,6854,1.72009,1.8,
2_40_34,2,40,82,3715.78,3715.78,3715.78,6729,6526,6526,1.75629,1.8,
2_40_35,2,40,82,3276.67,3276.67,3276.67,5944,5714,5714,1.74385,1.8,
2_40_36,2,40,82,3608.11,3608.11,3608.11,6470,6593,6470,1.79318,1.8,
2_40_37,2,40,82,3899.22,3899.22,3899.22,6996,7109,6996,1.7942,1.8,
2_40_38,2,40,82,4143,4143,4143,7466,7423,7423,1.7917,1.8,
2_40_39,2,40,82,4102.11,4102.11,4102.11,7365,7459,7365,1.79542,1.8,
2_40_40,2,40,82,4306.78,4306.78,4306.78,7791,7597,7597,1.76396,1.8,
2_40_41,2,40,82,4233.44,4233.44,4233.44,7640,7541,7541,1.78129,1.8,
2_40_42,2,40,82,3719,3719,3719,6779,6355,6355,1.70879,1.8,
2_40_43,2,40,82,4082.22,4082.22,4082.22,7399,7144,7144,1.75003,1.8,
2_40_44,2,40,82,3833.89,3833.89,3833.89,6922,6817,6817,1.77809,1.8,
2_40_45,2,40,82,4093.78,4093.78,4093.78,7433,7112,7112,1.73727,1.8,
2_40_46,2,40,82,3973.11,3973.11,3973.11,7132,7230,7132,1.79507,1.8,
2_40_47,2,40,82,4005.44,4005.44,4005.44,7223,7157,7157,1.78682,1.8,
2_40_48,2,40,82,4084.22,4084.22,4084.22,7432,7030,7030,1.72126,1.8,
2_40_49,2,40,82,4001.33,4001.33,4001.33,7260,6972,6972,1.74242,1.8,
2_40_50,2,40,82,4235.33,4235.33,4235.33,7645,7538,7538,1.77979,1.8,
2_40_51,2,40,82,4010.56,4010.56,4010.56,7209,7259,7209,1.79751,1.8,
2_40_52,2,40,82,3906.44,3906.44,3906.44,7095,6778,6778,1.73508,1.8,
2_40_53,2,40,82,3642,3642,3642,6620,6298,6298,1.72927,1.8,
2_40_54,2,40,82,3875.67,3875.67,3875.67,6982,6953,6953,1.79401,1.8,
2_40_55,2,40,82,4074,4074,4074,7331,7342,7331,1.79946,1.8,
2_40_56,2,40,82,3831.89,3831.89,3831.89,6890,6927,6890,1.79807,1.8,
2_40_57,2,40,82,4301,4301,4301,7743,7737,7737,1.79888,1.8,
2_40_58,2,40,82,3964.89,3964.89,3964.89,7127,7176,7127,1.79753,1.8,
2_40_59,2,40,82,3555.89,3555.89,3555.89,6434,6267,6267,1.76243,1.8,
2_40_60,2,40,82,3636.44,3636.44,3636.44,6541,6564,6541,1.79874,1.8,
2_40_61,2,40,82,3949.56,3949.56,3949.56,7155,6926,6926,1.75362,1.8,
2_40_62,2,40,82,3749.89,3749.89,3749.89,6853,6337,6337,1.68992,1.8,
2_40_63,2,40,82,4006,4006,4006,7238,7102,7102,1.77284,1.8,
2_40_64,2,40,82,3723.89,3723.89,3723.89,6742,6547,6547,1.75811,1.8,
2_40_65,2,40,82,3713.33,3713.33,3713.33,6676,6716,6676,1.79785,1.8,
2_40_66,2,40,82,4044.11,4044.11,4044.11,7276,7293,7276,1.79916,1.8,
2_40_67,2,40,82,4302.56,4302.56,4302.56,7806,7499,7499,1.74292,1.8,
2_40_68,2,40,82,3496.11,3496.11,3496.11,6255,6445,6255,1.78913,1.8,
2_40_69,2,40,82,3477,3477,3477,6307,6065,6065,1.74432,1.8,
2_40_70,2,40,82,4369.78,4369.78,4369.78,7900,7728,7728,1.76851,1.8,
2_40_71,2,40,82,4171.56,4171.56,4171.56,7537,7396,7396,1.77296,1.8,
2_40_72,2,40,82,3686.11,3686.11,3686.11,6614,6719,6614,1.7943,1.8,
2_40_73,2,40,82,4390.33,4390.33,4390.33,7906,7889,7889,1.7969,1.8,
2_40_74,2,40,82,3666.33,3666.33,3666.33,6626,6493,6493,1.77098,1.8,
2_40_75,2,40,82,4185.56,4185.56,4185.56,7582,7342,7342,1.75413,1.8,
2_40_76,2,40,82,3764,3764,3764,6814,6620,6620,1.75877,1.8,
2_40_77,2,40,82,3718.67,3718.67,3718.67,6714,6612,6612,1.77806,1.8,
2_40_78,2,40,82,3960.67,3960.67,3960.67,7159,7010,7010,1.7699,1.8,
2_40_79,2,40,82,3919.11,3919.11,3919.11,7026,7168,7026,1.79275,1.8,
2_40_80,2,40,82,3698.22,3698.22,3698.22,6673,6592,6592,1.78248,1.8,
2_40_81,2,40,82,3979,3979,3979,7221,6927,6927,1.74089,1.8,
2_40_82,2,40,82,4034.78,4034.78,4034.78,7255,7293,7255,1.79812,1.8,
2_40_83,2,40,82,3444.78,3444.78,3444.78,6184,6267,6184,1.79518,1.8,
2_40_84,2,40,82,3942.44,3942.44,3942.44,7134,6946,6946,1.76185,1.8,
2_40_85,2,40,82,4130.22,4130.22,4130.22,7456,7348,7348,1.77908,1.8,
2_40_86,2,40,82,3917.78,3917.78,3917.78,7027,7152,7027,1.79362,1.8,
2_40_87,2,40,82,3766.22,3766.22,3766.22,6806,6672,6672,1.77154,1.8,
2_40_88,2,40,82,3495,3495,3495,6284,6319,6284,1.798,1.8,
2_40_89,2,40,82,3985.33,3985.33,3985.33,7143,7296,7143,1.79232,1.8,
2_40_90,2,40,82,4222.56,4222.56,4222.56,7552,7795,7552,1.78849,1.8,
2_40_91,2,40,82,3836.56,3836.56,3836.56,6912,6881,6881,1.79354,1.8,
2_40_92,2,40,82,4366,4366,4366,7805,8074,7805,1.78768,1.8,
2_40_93,2,40,82,4301.89,4301.89,4301.89,7785,7577,7577,1.76132,1.8,
2_40_94,2,40,82,3568.89,3568.89,3568.89,6370,6640,6370,1.78487,1.8,
2_40_95,2,40,82,4344.11,4344.11,4344.11,7860,7657,7657,1.76262,1.8,
2_40_96,2,40,82,3853.44,3853.44,3853.44,6928,6969,6928,1.79787,1.8,
2_40_97,2,40,82,3299.67,3299.67,3299.67,5953,5885,5885,1.78351,1.8,
2_40_98,2,40,82,4202.22,4202.22,4202.22,7656,7196,7196,1.71243,1.8,
2_40_99,2,40,82,3944.89,3944.89,3944.89,7125,7004,7004,1.77546,1.8,
5_25_0,5,25,55,2268.95,2268.95,2268.95,4325,4398,4325,1.90617,1.90909,
5_25_1,5,25,55,2340.38,2340.38,2340.38,4473,4418,4418,1.88773,1.90909,
5_25_2,5,25,55,2142.43,2142.43,2142.43,4105,3941,3941,1.8395,1.90909,
5_25_3,5,25,55,2029.52,2029.52,2029.52,3874,3880,3874,1.90882,1.90909,
5_25_4,5,25,55,2203.81,2203.81,2203.81,4217,4110,4110,1.86495,1.90909,
5_25_5,5,25,55,2286.33,2286.33,2286.33,4376,4253,4253,1.86018,1.90909,
5_25_6,5,25,55,2147,2147,2147,4107,4017,4017,1.87098,1.90909,
5_25_7,5,25,55,2237.38,2237.38,2237.38,4266,4325,4266,1.90669,1.90909,
5_25_8,5,25,55,2273.29,2273.29,2273.29,4333,4409,4333,1.90605,1.90909,
5_25_9,5,25,55,2279.81,2279.81,2279.81,4352,4356,4352,1.90893,1.90909,
5_25_10,5,25,55,2324.67,2324.67,2324.67,4427,4548,4427,1.90436,1.90909,
5_25_11,5,25,55,2278.29,2278.29,2278.29,4364,4204,4204,1.84525,1.90909,
5_25_12,5,25,55,2597.62,2597.62,2597.62,4953,5020,4953,1.90675,1.90909,
5_25_13,5,25,55,2253,2253,2253,4317,4143,4143,1.83888,1.90909,
5_25_14,5,25,55,2331.9,2331.9,2331.9,4445,4520,4445,1.90617,1.90909,
5_25_15,5,25,55,2048.76,2048.76,2048.76,3915,3874,3874,1.8909,1.90909,
5_25_16,5,25,55,2563.24,2563.24,2563.24,4894,4888,4888,1.90696,1.90909,
5_25_17,5,25,55,2448.38,2448.38,2448.38,4663,4786,4663,1.90452,1.90909,
5_25_18,5,25,55,2246.1,2246.1,2246.1,4312,4048,4048,1.80224,1.90909,
5_25_19,5,25,55,2185.24,2185.24,2185.24,4163,4260,4163,1.90506,1.90909,
5_25_20,5,25,55,1870.86,1870.86,1870.86,3599,3298,3298,1.76283,1.90909,
5_25_21,5,25,55,2253.19,2253.19,2253.19,4294,4377,4294,1.90574,1.90909,
5_25_22,5,25,55,2443.9,2443.9,2443.9,4674,4582,4582,1.87487,1.90909,
5_25_23,5,25,55,2124.1,2124.1,2124.1,4049,4116,4049,1.90622,1.90909,
5_25_24,5,25,55,2274.14,2274.14,2274.14,4342,4337,4337,1.90709,1.90909,
5_25_25,5,25,55,2169.05,2169.05,2169.05,4152,4030,4030,1.85796,1.90909,
5_25_26,5,25,55,2071.81,2071.81,2071.81,3958,3928,3928,1.89593,1.90909,
5_25_27,5,25,55,2293.33,2293.33,2293.33,4389,4270,4270,1.86192,1.90909,
5_25_28,5,25,55,2181.14,2181.14,2181.14,4163,4174,4163,1.90863,1.90909,
5_25_29,5,25,55,2465.1,2465.1,2465.1,4713,4637,4637,1.88106,1.90909,
5_25_30,5,25,55,2297.33,2297.33,2297.33,4406,4184,4184,1.82124,1.90909,
5_25_31,5,25,55,1933.14,1933.14,1933.14,3694,3656,3656,1.89122,1.90909,
5_25_32,5,25,55,2337.48,2337.48,2337.48,4466,4427,4427,1.89392,1.90909,
5_25_33,5,25,55,2361.86,2361.86,2361.86,4510,4499,4499,1.90486,1.90909,
5_25_34,5,25,55,2185.62,2185.62,2185.62,4157,4328,4157,1.90198,1.90909,
5_25_35,5,25,55,1877.48,1877.48,1877.48,3575,3677,3575,1.90415,1.90909,
5_25_36,5,25,55,2360.86,2360.86,2360.86,4516,4418,4418,1.87135,1.90909,
5_25_37,5,25,55,2244.86,2244.86,2244.86,4294,4202,4202,1.87183,1.90909,
5_25_38,5,25,55,2268.1,2268.1,2268.1,4332,4310,4310,1.90027,1.90909,
5_25_39,5,25,55,2188.76,2188.76,2188.76,4177,4194,4177,1.90838,1.90909,
5_25_40,5,25,55,2055.71,2055.71,2055.71,3918,3990,3918,1.90591,1.90909,
5_25_41,5,25,55,1944,1944,1944,3728,3544,3544,1.82305,1.90909,
5_25_42,5,25,55,2213.9,2213.9,2213.9,4231,4182,4182,1.88897,1.90909,
5_25_43,5,25,55,2447.76,2447.76,2447.76,4660,4803,4660,1.90378,1.90909,
5_25_44,5,25,55,2415.9,2415.9,2415.9,4620,4534,4534,1.87673,1.90909,
5_25_45,5,25,55,2113.48,2113.48,2113.48,4017,4213,4017,1.90066,1.90909,
5_25_46,5,25,55,2080.48,2080.48,2080.48,3965,4040,3965,1.90581,1.90909,
5_25_47,5,25,55,2298.86,2298.86,2298.86,4376,4516,4376,1.90355,1.90909,
5_25_48,5,25,55,2548.29,2548.29,2548.29,4886,4654,4654,1.82633,1.90909,
5_25_49,5,25,55,2333.86,2333.86,2333.86,4457,4441,4441,1.90286,1.90909,
5_25_50,5,25,55,2275.57,2275.57,2275.57,4341,4377,4341,1.90765,1.90909,
5_25_51,5,25,55,2040.76,2040.76,2040.76,3899,3866,3866,1.89439,1.90909,
5_25_52,5,25,55,2359.86,2359.86,2359.86,4511,4447,4447,1.88444,1.90909,
5_25_53,5,25,55,2329.9,2329.9,2329.9,4474,4188,4188,1.7975,1.90909,
5_25_54,5,25,55,2442.1,2442.1,2442.1,4668,4604,4604,1.88527,1.90909,
5_25_55,5,25,55,2603.29,2603.29,2603.29,4983,4839,4839,1.8588,1.90909,
5_25_56,5,25,55,2505.71,2505.71,2505.71,4776,4860,4776,1.90604,1.90909,
5_25_57,5,25,55,2298.24,2298.24,2298.24,4397,4293,4293,1.86795,1.90909,
5_25_58,5,25,55,2251.71,2251.71,2251.71,4291,4376,4291,1.90566,1.90909,
5_25_59,5,25,55,2498.19,2498.19,2498.19,4786,4602,4602,1.84213,1.90909,
5_25_60,5,25,55,2194.86,2194.86,2194.86,4185,4242,4185,1.90673,1.90909,
5_25_61,5,25,55,2492.1,2492.1,2492.1,4765,4684,4684,1.87954,1.90909,
5_25_62,5,25,55,2349.24,2349.24,2349.24,4496,4374,4374,1.86188,1.90909,
5_25_63,5,25,55,2765.52,2765.52,2765.52,5306,5016,5016,1.81376,1.90909,
5_25_64,5,25,55,2400.67,2400.67,2400.67,4566,4754,4566,1.90197,1.90909,
5_25_65,5,25,55,2458,2458,2458,4682,4798,4682,1.9048,1.90909,
5_25_66,5,25,55,2145.67,2145.67,2145.67,4103,4029,4029,1.87774,1.90909,
5_25_67,5,25,55,2538.86,2538.86,2538.86,4840,4916,4840,1.90637,1.90909,
5_25_68,5,25,55,2361.52,2361.52,2361.52,4533,4262,4262,1.80477,1.90909,
5_25_69,5,25,55,2132.57,2132.57,2132.57,4081,3974,3974,1.86348,1.90909,
5_25_70,5,25,55,2370.24,2370.24,2370.24,4532,4455,4455,1.87956,1.90909,
5_25_71,5,25,55,2570.19,2570.19,2570.19,4891,5064,4891,1.90297,1.90909,
5_25_72,5,25,55,2167.33,2167.33,2167.33,4127,4244,4127,1.90418,1.90909,
5_25_73,5,25,55,2473.19,2473.19,2473.19,4712,4817,4712,1.90523,1.90909,
5_25_74,5,25,55,2029.81,2029.81,2029.81,3905,3576,3576,1.76174,1.90909,
5_25_75,5,25,55,2190.24,2190.24,2190.24,4170,4295,4170,1.9039,1.90909,
5_25_76,5,25,55,1971.05,1971.05,1971.05,3749,3902,3749,1.90203,1.90909,
5_25_77,5,25,55,2231.48,2231.48,2231.48,4279,4071,4071,1.82435,1.90909,
5_25_78,5,25,55,2432.86,2432.86,2432.86,4652,4570,4570,1.87845,1.90909,
5_25_79,5,25,55,2277.48,2277.48,2277.48,4366,4167,4167,1.82966,1.90909,
5_25_80,5,25,55,2273.62,2273.62,2273.62,4349,4256,4256,1.87191,1.90909,
5_25_81,5,25,55,2321.76,2321.76,2321.76,4442,4337,4337,1.86798,1.90909,
5_25_82,5,25,55,2404.05,2404.05,2404.05,4586,4625,4586,1.90762,1.90909,
5_25_83,5,25,55,2681.33,2681.33,2681.33,5150,4808,4808,1.79314,1.90909,
5_25_84,5,25,55,2155.1,2155.1,2155.1,4106,4197,4106,1.90525,1.90909,
5_25_85,5,25,55,2342.67,2342.67,2342.67,4479,4406,4406,1.88076,1.90909,
5_25_86,5,25,55,2500.24,2500.24,2500.24,4782,4685,4685,1.87382,1.90909,
5_25_87,5,25,55,1995.95,1995.95,1995.95,3807,3845,3807,1.90736,1.90909,
5_25_88,5,25,55,2337.52,2337.52,2337.52,4465,4438,4438,1.89859,1.90909,
5_25_89,5,25,55,2112.95,2112.95,2112.95,4021,4162,4021,1.90302,1.90909,
5_25_90,5,25,55,2446.95,2446.95,2446.95,4667,4716,4667,1.90727,1.90909,
5_25_91,5,25,55,2239.9,2239.9,2239.9,4290,4138,4138,1.8474,1.90909,
5_25_92,5,25,55,2364.29,2364.29,2364.29,4518,4470,4470,1.89063,1.90909,
5_25_93,5,25,55,2615.52,2615.52,2615.52,5004,4886,4886,1.86808,1.90909,
5_25_94,5,25,55,2463.29,2463.29,2463.29,4714,4589,4589,1.86296,1.90909,
5_25_95,5,25,55,2501.81,2501.81,2501.81,4781,4728,4728,1.88983,1.90909,
5_25_96,5,25,55,2628.76,2628.76,2628.76,5021,4994,4994,1.89975,1.90909,
5_25_97,5,25,55,2154.24,2154.24,2154.24,4100,4239,4100,1.90323,1.90909,
5_25_98,5,25,55,1915.38,1915.38,1915.38,3656,3663,3656,1.90876,1.90909,
5_25_99,5,25,55,2386.71,2386.71,2386.71,4547,4651,4547,1.90513,1.90909,
5_50_0,5,50,105,4266.05,4266.05,4266.05,8176,7827,7827,1.83472,1.90909,
5_50_1,5,50,105,5092.62,5092.62,5092.62,9735,9595,9595,1.8841,1.90909,
5_50_2,5,50,105,4546.48,4546.48,4546.48,8687,8606,8606,1.89289,1.90909,
5_50_3,5,50,105,4208,4208,4208,8045,7918,7918,1.88165,1.90909,
5_50_4,5,50,105,4844.86,4844.86,4844.86,9259,9152,9152,1.88901,1.90909,
5_50_5,5,50,105,4921.71,4921.71,4921.71,9394,9416,9394,1.90868,1.90909,
5_50_6,5,50,105,4592.57,4592.57,4592.57,8792,8524,8524,1.85604,1.90909,
5_50_7,5,50,105,4728.57,4728.57,4728.57,9072,8580,8580,1.8145,1.90909,
5_50_8,5,50,105,4280.05,4280.05,4280.05,8180,8081,8081,1.88806,1.90909,
5_50_9,5,50,105,4215.48,4215.48,4215.48,8072,7805,7805,1.85151,1.90909,
5_50_10,5,50,105,4492.67,4492.67,4492.67,8545,8896,8545,1.90199,1.90909,
5_50_11,5,50,105,4436.48,4436.48,4436.48,8482,8346,8346,1.88122,1.90909,
5_50_12,5,50,105,4440.81,4440.81,4440.81,8476,8497,8476,1.90866,1.90909,
5_50_13,5,50,105,4418.76,4418.76,4418.76,8459,8204,8204,1.85663,1.90909,
5_50_14,5,50,105,4513.81,4513.81,4513.81,8646,8330,8330,1.84545,1.90909,
5_50_15,5,50,105,4555.38,4555.38,4555.38,8717,8493,8493,1.86439,1.90909,
5_50_16,5,50,105,4700.86,4700.86,4700.86,9006,8658,8658,1.84179,1.90909,
5_50_17,5,50,105,4549.29,4549.29,4549.29,8706,8475,8475,1.86293,1.90909,
5_50_18,5,50,105,4924.14,4924.14,4924.14,9417,9237,9237,1.87586,1.90909,
5_50_19,5,50,105,4441.67,4441.67,4441.67,8497,8305,8305,1.86979,1.90909,
5_50_20,5,50,105,4912.86,4912.86,4912.86,9395,9220,9220,1.87671,1.90909,
5_50_21,5,50,105,4341.19,4341.19,4341.19,8274,8425,8274,1.90593,1.90909,
5_50_22,5,50,105,4815.14,4815.14,4815.14,9214,8978,8978,1.86453,1.90909,
5_50_23,5,50,105,5002.81,5002.81,5002.81,9573,9329,9329,1.86475,1.90909,
5_50_24,5,50,105,4753.05,4753.05,4753.05,9094,8874,8874,1.86701,1.90909,
5_50_25,5,50,105,4465.86,4465.86,4465.86,8566,8123,8123,1.81891,1.90909,
5_50_26,5,50,105,4730.95,4730.95,4730.95,9040,8950,8950,1.8918,1.90909,
5_50_27,5,50,105,4291.14,4291.14,4291.14,8214,7974,7974,1.85825,1.90909,
5_50_28,5,50,105,4429.76,4429.76,4429.76,8457,8455,8455,1.90868,1.90909,
5_50_29,5,50,105,4300.81,4300.81,4300.81,8223,8087,8087,1.88034,1.90909,
5_50_30,5,50,105,4754.29,4754.29,4754.29,9102,8820,8820,1.85517,1.90909,
5_50_31,5,50,105,4600.81,4600.81,4600.81,8824,8377,8377,1.82077,1.90909,
5_50_32,5,50,105,4642.14,4642.14,4642.14,8897,8515,8515,1.83428,1.90909,
5_50_33,5,50,105,4216.9,4216.9,4216.9,8064,7915,7915,1.87697,1.90909,
5_50_34,5,50,105,4864.76,4864.76,4864.76,9314,9020,9020,1.85415,1.90909,
5_50_35,5,50,105,4735,4735,4735,9078,8655,8655,1.82788,1.90909,
5_50_36,5,50,105,4190.43,4190.43,4190.43,8004,7959,7959,1.89933,1.90909,
5_50_37,5,50,105,4349.81,4349.81,4349.81,8330,8046,8046,1.84974,1.90909,
5_50_38,5,50,105,5032.05,5032.05,5032.05,9628,9393,9393,1.86664,1.90909,
5_50_39,5,50,105,4317.48,4317.48,4317.48,8275,7917,7917,1.83371,1.90909,
5_50_40,5,50,105,4342.1,4342.1,4342.1,8289,8294,8289,1.90899,1.90909,
5_50_41,5,50,105,4446.19,4446.19,4446.19,8491,8460,8460,1.90275,1.90909,
5_50_42,5,50,105,4661.19,4661.19,4661.19,8929,8595,8595,1.84395,1.90909,
5_50_43,5,50,105,4549.05,4549.05,4549.05,8710,8430,8430,1.85314,1.90909,
5_50_44,5,50,105,5106.19,5106.19,5106.19,9776,9470,9470,1.85461,1.90909,
5_50_45,5,50,105,4806.71,4806.71,4806.71,9192,9021,9021,1.87675,1.90909,
5_50_46,5,50,105,4582.19,4582.19,4582.19,8776,8466,8466,1.84759,1.90909,
5_50_47,5,50,105,4674,4674,4674,8946,8694,8694,1.86008,1.90909,
5_50_48,5,50,105,4774.71,4774.71,4774.71,9135,8919,8919,1.86797,1.90909,
5_50_49,5,50,105,4356.67,4356.67,4356.67,8341,8080,8080,1.85463,1.90909,
5_50_50,5,50,105,4893.38,4893.38,4893.38,9327,9491,9327,1.90604,1.90909,
5_50_51,5,50,105,4212.19,4212.19,4212.19,8065,7806,7806,1.85319,1.90909,
5_50_52,5,50,105,3931.62,3931.62,3931.62,7513,7434,7434,1.89082,1.90909,
5_50_53,5,50,105,4719.95,4719.95,4719.95,9030,8819,8819,1.86845,1.90909,
5_50_54,5,50,105,4697.67,4697.67,4697.67,8978,8871,8871,1.88838,1.90909,
5_50_55,5,50,105,4265.1,4265.1,4265.1,8167,7897,7897,1.85154,1.90909,
5_50_56,5,50,105,4733.43,4733.43,4733.43,9042,8982,8982,1.89757,1.90909,
5_50_57,5,50,105,4569.52,4569.52,4569.52,8717,8790,8717,1.90764,1.90909,
5_50_58,5,50,105,4672.24,4672.24,4672.24,8955,8567,8567,1.8336,1.90909,
5_50_59,5,50,105,3897.29,3897.29,3897.29,7449,7353,7353,1.8867,1.90909,
5_50_60,5,50,105,4671.9,4671.9,4671.9,8940,8710,8710,1.86434,1.90909,
5_50_61,5,50,105,4323,4323,4323,8283,7953,7953,1.83969,1.90909,
5_50_62,5,50,105,4581,4581,4581,8773,8471,8471,1.84916,1.90909,
5_50_63,5,50,105,3863.57,3863.57,3863.57,7395,7185,7185,1.85968,1.90909,
5_50_64,5,50,105,4825.43,4825.43,4825.43,9205,9284,9205,1.9076,1.90909,
5_50_65,5,50,105,4475.1,4475.1,4475.1,8556,8417,8417,1.88085,1.90909,
5_50_66,5,50,105,4776.9,4776.9,4776.9,9149,8825,8825,1.84743,1.90909,
5_50_67,5,50,105,4067.38,4067.38,4067.38,7763,7785,7763,1.9086,1.90909,
5_50_68,5,50,105,4361.29,4361.29,4361.29,8348,8107,8107,1.85886,1.90909,
5_50_69,5,50,105,4450.62,4450.62,4450.62,8529,8173,8173,1.83637,1.90909,
5_50_70,5,50,105,4651.43,4651.43,4651.43,8913,8550,8550,1.83814,1.90909,
5_50_71,5,50,105,5406.62,5406.62,5406.62,10328,10259,10259,1.89749,1.90909,
5_50_72,5,50,105,3995.14,3995.14,3995.14,7649,7408,7408,1.85425,1.90909,
5_50_73,5,50,105,5018.05,5018.05,5018.05,9587,9509,9509,1.89496,1.90909,
5_50_74,5,50,105,4944.9,4944.9,4944.9,9426,9583,9426,1.9062,1.90909,
5_50_75,5,50,105,4428.71,4428.71,4428.71,8435,8653,8435,1.90462,1.90909,
5_50_76,5,50,105,4299.43,4299.43,4299.43,8231,7978,7978,1.8556,1.90909,
5_50_77,5,50,105,4555.48,4555.48,4555.48,8719,8475,8475,1.8604,1.90909,
5_50_78,5,50,105,4298.86,4298.86,4298.86,8215,8126,8126,1.89027,1.90909,
5_50_79,5,50,105,4587.38,4587.38,4587.38,8762,8715,8715,1.89978,1.90909,
5_50_80,5,50,105,4368.48,4368.48,4368.48,8348,8258,8258,1.89036,1.90909,
5_50_81,5,50,105,4325.76,4325.76,4325.76,8274,8101,8101,1.87273,1.90909,
5_50_82,5,50,105,4208.57,4208.57,4208.57,8040,7980,7980,1.89613,1.90909,
5_50_83,5,50,105,4373.24,4373.24,4373.24,8363,8208,8208,1.87687,1.90909,
5_50_84,5,50,105,4716.9,4716.9,4716.9,9017,8885,8885,1.88365,1.90909,
5_50_85,5,50,105,4255.19,4255.19,4255.19,8148,7879,7879,1.85162,1.90909,
5_50_86,5,50,105,4628,4628,4628,8860,8588,8588,1.85566,1.90909,
5_50_87,5,50,105,4155.1,4155.1,4155.1,7936,7897,7897,1.90056,1.90909,
5_50_88,5,50,105,4619.33,4619.33,4619.33,8839,8616,8616,1.8652,1.90909,
5_50_89,5,50,105,4480.38,4480.38,4480.38,8574,8348,8348,1.86323,1.90909,
5_50_90,5,50,105,4837.48,4837.48,4837.48,9235,9237,9235,1.90905,1.90909,
5_50_91,5,50,105,4867.33,4867.33,4867.33,9320,9014,9014,1.85194,1.90909,
5_50_92,5,50,105,4711.57,4711.57,4711.57,9025,8693,8693,1.84503,1.90909,
5_50_93,5,50,105,4254,4254,4254,8138,7954,7954,1.86977,1.90909,
5_50_94,5,50,105,4427.1,4427.1,4427.1,8505,7919,7919,1.78876,1.90909,
5_50_95,5,50,105,4721.86,4721.86,4721.86,9028,8879,8879,1.8804,1.90909,
5_50_96,5,50,105,4725.52,4725.52,4725.52,9056,8676,8676,1.83599,1.90909,
5_50_97,5,50,105,4339.05,4339.05,4339.05,8331,7810,7810,1.79993,1.90909,
5_50_98,5,50,105,4811.71,4811.71,4811.71,9199,9056,9056,1.88207,1.90909,
5_50_99,5,50,105,4270.14,4270.14,4270.14,8186,7813,7813,1.82968,1.90909,
5_100_0,5,100,205,8823.14,8823.14,8823.14,16864,16646,16646,1.88663,1.90909,
5_100_1,5,100,205,8767.29,8767.29,8767.29,16763,16483,16483,1.88006,1.90909,
5_100_2,5,100,205,9293.57,9293.57,9293.57,17771,17455,17455,1.87818,1.90909,
5_100_3,5,100,205,8613.48,8613.48,8613.48,16490,15983,15983,1.85558,1.90909,
5_100_4,5,100,205,8894.62,8894.62,8894.62,17012,16667,16667,1.87383,1.90909,
5_100_5,5,100,205,8436.05,8436.05,8436.05,16149,15667,15667,1.85715,1.90909,
5_100_6,5,100,205,8820.9,8820.9,8820.9,16891,16329,16329,1.85117,1.90909,
5_100_7,5,100,205,8817.95,8817.95,8817.95,16898,16197,16197,1.83682,1.90909,
5_100_8,5,100,205,9293.43,9293.43,9293.43,17759,17572,17572,1.8908,1.90909,
5_100_9,5,100,205,9133.57,9133.57,9133.57,17496,16845,16845,1.84429,1.90909,
5_100_10,5,100,205,7991.05,7991.05,7991.05,15299,14822,14822,1.85483,1.90909,
5_100_11,5,100,205,9207.24,9207.24,9207.24,17618,17172,17172,1.86505,1.90909,
5_100_12,5,100,205,10138,10138,10138,19410,18799,18799,1.8543,1.90909,
5_100_13,5,100,205,8763.52,8763.52,8763.52,16773,16304,16304,1.86044,1.90909,
5_100_14,5,100,205,9586.29,9586.29,9586.29,18361,17702,17702,1.8466,1.90909,
5_100_15,5,100,205,9981.67,9981.67,9981.67,19094,18675,18675,1.87093,1.90909,
5_100_16,5,100,205,9104.43,9104.43,9104.43,17400,17193,17193,1.88842,1.90909,
5_100_17,5,100,205,8746.14,8746.14,8746.14,16730,16369,16369,1.87157,1.90909,
5_100_18,5,100,205,8772.9,8772.9,8772.9,16791,16321,16321,1.86039,1.90909,
5_100_19,5,100,205,8462.14,8462.14,8462.14,16186,15845,15845,1.87246,1.90909,
5_100_20,5,100,205,8992.33,8992.33,8992.33,17231,16529,16529,1.83812,1.90909,
5_100_21,5,100,205,9952.52,9952.52,9952.52,19034,18663,18663,1.8752,1.90909,
5_100_22,5,100,205,8548.9,8548.9,8548.9,16380,15727,15727,1.83965,1.90909,
5_100_23,5,100,205,8727.48,8727.48,8727.48,16688,16397,16397,1.87878,1.90909,
5_100_24,5,100,205,9306.71,9306.71,9306.71,17791,17531,17531,1.88369,1.90909,
5_100_25,5,100,205,9265.9,9265.9,9265.9,17736,17224,17224,1.85886,1.90909,
5_100_26,5,100,205,8937.9,8937.9,8937.9,17087,16826,16826,1.88254,1.90909,
5_100_27,5,100,205,9131.9,9131.9,9131.9,17491,16860,16860,1.84627,1.90909,
5_100_28,5,100,205,8716.95,8716.95,8716.95,16687,16186,16186,1.85684,1.90909,
5_100_29,5,100,205,8482.86,8482.86,8482.86,16206,16080,16080,1.89559,1.90909,
5_100_30,5,100,205,9334.52,9334.52,9334.52,17850,17525,17525,1.87744,1.90909,
5_100_31,5,100,205,8951.67,8951.67,8951.67,17121,16775,16775,1.87395,1.90909,
5_100_32,5,100,205,9163.29,9163.29,9163.29,17518,17249,17249,1.8824,1.90909,
5_100_33,5,100,205,8764.86,8764.86,8764.86,16765,16412,16412,1.87248,1.90909,
5_100_34,5,100,205,9359.62,9359.62,9359.62,17905,17502,17502,1.86995,1.90909,
5_100_35,5,100,205,9271.95,9271.95,9271.95,17761,17101,17101,1.84438,1.90909,
5_100_36,5,100,205,9206.62,9206.62,9206.62,17654,16799,16799,1.82467,1.90909,
5_100_37,5,100,205,9472.19,9472.19,9472.19,18180,17116,17116,1.80697,1.90909,
5_100_38,5,100,205,8690.14,8690.14,8690.14,16627,16223,16223,1.86683,1.90909,
5_100_39,5,100,205,9456.1,9456.1,9456.1,18101,17568,17568,1.85785,1.90909,
5_100_40,5,100,205,9102.67,9102.67,9102.67,17466,16496,16496,1.81222,1.90909,
5_100_41,5,100,205,8340.29,8340.29,8340.29,15989,15256,15256,1.82919,1.90909,
5_100_42,5,100,205,8668.71,8668.71,8668.71,16567,16373,16373,1.88875,1.90909,
5_100_43,5,100,205,9247.86,9247.86,9247.86,17698,17225,17225,1.86259,1.90909,
5_100_44,5,100,205,8208.81,8208.81,8208.81,15716,15225,15225,1.85471,1.90909,
5_100_45,5,100,205,8725.86,8725.86,8725.86,16705,16193,16193,1.85575,1.90909,
5_100_46,5,100,205,8640.05,8640.05,8640.05,16525,16191,16191,1.87395,1.90909,
5_100_47,5,100,205,9507.29,9507.29,9507.29,18172,17933,17933,1.88624,1.90909,
5_100_48,5,100,205,9194.24,9194.24,9194.24,17584,17239,17239,1.87498,1.90909,
5_100_49,5,100,205,9405.05,9405.05,9405.05,18000,17506,17506,1.86134,1.90909,
5_100_50,5,100,205,9241.14,9241.14,9241.14,17673,17334,17334,1.87574,1.90909,
5_100_51,5,100,205,9287.76,9287.76,9287.76,17757,17473,17473,1.88129,1.90909,
5_100_52,5,100,205,9389.19,9389.19,9389.19,17977,17403,17403,1.85351,1.90909,
5_100_53,5,100,205,9004.05,9004.05,9004.05,17233,16755,16755,1.86083,1.90909,
5_100_54,5,100,205,8988.67,8988.67,8988.67,17176,17002,17002,1.89149,1.90909,
5_100_55,5,100,205,8604.57,8604.57,8604.57,16500,15696,15696,1.82415,1.90909,
5_100_56,5,100,205,8242.81,8242.81,8242.81,15772,15379,15379,1.86575,1.90909,
5_100_57,5,100,205,8566.86,8566.86,8566.86,16384,16064,16064,1.87513,1.90909,
5_100_58,5,100,205,9663.95,9663.95,9663.95,18489,18053,18053,1.86808,1.90909,
5_100_59,5,100,205,8852.29,8852.29,8852.29,16943,16468,16468,1.86031,1.90909,
5_100_60,5,100,205,9694.95,9694.95,9694.95,18540,18194,18194,1.87665,1.90909,
5_100_61,5,100,205,9601.1,9601.1,9601.1,18392,17703,17703,1.84385,1.90909,
5_100_62,5,100,205,9213.38,9213.38,9213.38,17615,17331,17331,1.88107,1.90909,
5_100_63,5,100,205,9671.05,9671.05,9671.05,18555,17542,17542,1.81387,1.90909,
5_100_64,5,100,205,8344.62,8344.62,8344.62,15997,15267,15267,1.82956,1.90909,
5_100_65,5,100,205,9095.19,9095.19,9095.19,17414,16859,16859,1.85362,1.90909,
5_100_66,5,100,205,8605.29,8605.29,8605.29,16464,16071,16071,1.86757,1.90909,
5_100_67,5,100,205,8715.71,8715.71,8715.71,16689,16140,16140,1.85183,1.90909,
5_100_68,5,100,205,9030.1,9030.1,9030.1,17269,16942,16942,1.87617,1.90909,
5_100_69,5,100,205,9139.57,9139.57,9139.57,17513,16801,16801,1.83827,1.90909,
5_100_70,5,100,205,8956.14,8956.14,8956.14,17121,16869,16869,1.88351,1.90909,
5_100_71,5,100,205,8931,8931,8931,17108,16471,16471,1.84425,1.90909,
5_100_72,5,100,205,9303.76,9303.76,9303.76,17774,17639,17639,1.8959,1.90909,
5_100_73,5,100,205,9475.76,9475.76,9475.76,18149,17501,17501,1.84692,1.90909,
5_100_74,5,100,205,8577.43,8577.43,8577.43,16426,15866,15866,1.84974,1.90909,
5_100_75,5,100,205,8689.67,8689.67,8689.67,16669,15793,15793,1.81745,1.90909,
5_100_76,5,100,205,8549.52,8549.52,8549.52,16424,15300,15300,1.78957,1.90909,
5_100_77,5,100,205,9890.29,9890.29,9890.29,18983,17866,17866,1.80642,1.90909,
5_100_78,5,100,205,8417.62,8417.62,8417.62,16115,15620,15620,1.85563,1.90909,
5_100_79,5,100,205,8325.57,8325.57,8325.57,15920,15637,15637,1.87819,1.90909,
5_100_80,5,100,205,8947.05,8947.05,8947.05,17123,16658,16658,1.86184,1.90909,
5_100_81,5,100,205,9282.9,9282.9,9282.9,17759,17351,17351,1.86913,1.90909,
5_100_82,5,100,205,9401.52,9401.52,9401.52,17965,17782,17782,1.8914,1.90909,
5_100_83,5,100,205,8871.71,8871.71,8871.71,16954,16766,16766,1.88983,1.90909,
5_100_84,5,100,205,8905.52,8905.52,8905.52,17034,16676,16676,1.87255,1.90909,
5_100_85,5,100,205,8298.81,8298.81,8298.81,15882,15455,15455,1.86232,1.90909,
5_100_86,5,100,205,9018.24,9018.24,9018.24,17251,16873,16873,1.87099,1.90909,
5_100_87,5,100,205,9411.29,9411.29,9411.29,17991,17727,17727,1.88359,1.90909,
5_100_88,5,100,205,9281.43,9281.43,9281.43,17732,17590,17590,1.89518,1.90909,
5_100_89,5,100,205,9244.33,9244.33,9244.33,17685,17281,17281,1.86936,1.90909,
5_100_90,5,100,205,9121.9,9121.9,9121.9,17498,16580,16580,1.8176,1.90909,
5_100_91,5,100,205,9054.1,9054.1,9054.1,17313,17006,17006,1.87827,1.90909,
5_100_92,5,100,205,8890,8890,8890,17002,16670,16670,1.87514,1.90909,
5_100_93,5,100,205,9102.86,9102.86,9102.86,17409,17070,17070,1.87524,1.90909,
5_100_94,5,100,205,9251.76,9251.76,9251.76,17734,16947,16947,1.83176,1.90909,
5_100_95,5,100,205,8944.95,8944.95,8944.95,17102,16824,16824,1.88084,1.90909,
5_100_96,5,100,205,8386.05,8386.05,8386.05,16065,15457,15457,1.84318,1.90909,
5_100_97,5,100,205,9394.48,9394.48,9394.48,17993,17354,17354,1.84726,1.90909,
5_100_98,5,100,205,8457.33,8457.33,8457.33,16211,15494,15494,1.83202,1.90909,
5_100_99,5,100,205,9206.48,9206.48,9206.48,17610,17236,17236,1.87216,1.90909,
10_50_0,10,50,110,4273.46,4273.46,4273.46,8363,7952,7952,1.86079,1.95238,
10_50_1,10,50,110,4311.05,4311.05,4311.05,8447,7813,7813,1.81232,1.95238,
10_50_2,10,50,110,4135.27,4135.27,4135.27,8084,7866,7866,1.90217,1.95238,
10_50_3,10,50,110,4176.17,4176.17,4176.17,8164,7943,7943,1.90198,1.95238,
10_50_4,10,50,110,4367.68,4367.68,4367.68,8536,8355,8355,1.91291,1.95238,
10_50_5,10,50,110,4492.12,4492.12,4492.12,8793,8317,8317,1.85146,1.95238,
10_50_6,10,50,110,4145.59,4145.59,4145.59,8102,7929,7929,1.91264,1.95238,
10_50_7,10,50,110,4717.17,4717.17,4717.17,9222,8964,8964,1.90029,1.95238,
10_50_8,10,50,110,4071.41,4071.41,4071.41,7961,7708,7708,1.8932,1.95238,
10_50_9,10,50,110,4214.71,4214.71,4214.71,8224,8323,8224,1.95126,1.95238,
10_50_10,10,50,110,4714.12,4714.12,4714.12,9198,9319,9198,1.95116,1.95238,
10_50_11,10,50,110,4921.56,4921.56,4921.56,9615,9484,9484,1.92703,1.95238,
10_50_12,10,50,110,4755.02,4755.02,4755.02,9293,9096,9096,1.91292,1.95238,
10_50_13,10,50,110,4035.49,4035.49,4035.49,7898,7495,7495,1.85727,1.95238,
10_50_14,10,50,110,4018.61,4018.61,4018.61,7841,7943,7841,1.95117,1.95238,
10_50_15,10,50,110,4376.49,4376.49,4376.49,8555,8336,8336,1.90472,1.95238,
10_50_16,10,50,110,4060.88,4060.88,4060.88,7933,7836,7836,1.92963,1.95238,
10_50_17,10,50,110,4530.27,4530.27,4530.27,8860,8541,8541,1.88532,1.95238,
10_50_18,10,50,110,4680.85,4680.85,4680.85,9151,8895,8895,1.90029,1.95238,
10_50_19,10,50,110,4646.88,4646.88,4646.88,9084,8842,8842,1.90278,1.95238,
10_50_20,10,50,110,4687.54,4687.54,4687.54,9188,8429,8429,1.79817,1.95238,
10_50_21,10,50,110,3989.68,3989.68,3989.68,7802,7537,7537,1.88912,1.95238,
10_50_22,10,50,110,4141.22,4141.22,4141.22,8086,8070,8070,1.9487,1.95238,
10_50_23,10,50,110,4645.46,4645.46,4645.46,9078,8904,8904,1.91671,1.95238,
10_50_24,10,50,110,4374.54,4374.54,4374.54,8549,8376,8376,1.91472,1.95238,
10_50_25,10,50,110,4310.39,4310.39,4310.39,8431,8106,8106,1.88057,1.95238,
10_50_26,10,50,110,4492.44,4492.44,4492.44,8787,8450,8450,1.88094,1.95238,
10_50_27,10,50,110,4595.63,4595.63,4595.63,8989,8641,8641,1.88026,1.95238,
10_50_28,10,50,110,4387.76,4387.76,4387.76,8568,8538,8538,1.94587,1.95238,
10_50_29,10,50,110,4555.83,4555.83,4555.83,8920,8389,8389,1.84138,1.95238,
10_50_30,10,50,110,4409.15,4409.15,4409.15,8621,8355,8355,1.89492,1.95238,
10_50_31,10,50,110,4715.63,4715.63,4715.63,9207,9201,9201,1.95117,1.95238,
10_50_32,10,50,110,3839.15,3839.15,3839.15,7499,7425,7425,1.93402,1.95238,
10_50_33,10,50,110,3945.71,3945.71,3945.71,7715,7474,7474,1.89421,1.95238,
10_50_34,10,50,110,4000.63,4000.63,4000.63,7811,7806,7806,1.95119,1.95238,
10_50_35,10,50,110,4503.98,4503.98,4503.98,8809,8483,8483,1.88345,1.95238,
10_50_36,10,50,110,4300.63,4300.63,4300.63,8408,8166,8166,1.89879,1.95238,
10_50_37,10,50,110,4344.73,4344.73,4344.73,8494,8254,8254,1.89977,1.95238,
10_50_38,10,50,110,4168.88,4168.88,4168.88,8147,7984,7984,1.91514,1.95238,
10_50_39,10,50,110,4140.39,4140.39,4140.39,8091,7936,7936,1.91673,1.95238,
10_50_40,10,50,110,4441.95,4441.95,4441.95,8685,8420,8420,1.89556,1.95238,
10_50_41,10,50,110,4176.54,4176.54,4176.54,8154,8158,8154,1.95234,1.95238,
10_50_42,10,50,110,4488.46,4488.46,4488.46,8788,8267,8267,1.84183,1.95238,
10_50_43,10,50,110,4429.24,4429.24,4429.24,8654,8519,8519,1.92335,1.95238,
10_50_44,10,50,110,4240.32,4240.32,4240.32,8275,8353,8275,1.95151,1.95238,
10_50_45,10,50,110,4231.76,4231.76,4231.76,8275,8002,8002,1.89094,1.95238,
10_50_46,10,50,110,4576.9,4576.9,4576.9,8941,8833,8833,1.92991,1.95238,
10_50_47,10,50,110,4363.22,4363.22,4363.22,8533,8232,8232,1.88668,1.95238,
10_50_48,10,50,110,4432,4432,4432,8675,8212,8212,1.85289,1.95238,
10_50_49,10,50,110,4899.27,4899.27,4899.27,9581,9250,9250,1.88804,1.95238,
10_50_50,10,50,110,4267.78,4267.78,4267.78,8359,7799,7799,1.82741,1.95238,
10_50_51,10,50,110,4016.27,4016.27,4016.27,7859,7487,7487,1.86417,1.95238,
10_50_52,10,50,110,3872.1,3872.1,3872.1,7575,7256,7256,1.87392,1.95238,
10_50_53,10,50,110,4712.85,4712.85,4712.85,9210,9027,9027,1.9154,1.95238,
10_50_54,10,50,110,5010.46,5010.46,5010.46,9800,9429,9429,1.88186,1.95238,
10_50_55,10,50,110,4531,4531,4531,8866,8451,8451,1.86515,1.95238,
10_50_56,10,50,110,4476.93,4476.93,4476.93,8750,8554,8554,1.91069,1.95238,
10_50_57,10,50,110,4043.07,4043.07,4043.07,7903,7706,7706,1.90598,1.95238,
10_50_58,10,50,110,4285.46,4285.46,4285.46,8366,8384,8366,1.95218,1.95238,
10_50_59,10,50,110,4246.2,4246.2,4246.2,8292,8254,8254,1.94386,1.95238,
10_50_60,10,50,110,4435.85,4435.85,4435.85,8679,8290,8290,1.86886,1.95238,
10_50_61,10,50,110,4037.05,4037.05,4037.05,7896,7599,7599,1.88232,1.95238,
10_50_62,10,50,110,4100.85,4100.85,4100.85,8019,7755,7755,1.89107,1.95238,
10_50_63,10,50,110,4418,4418,4418,8640,8338,8338,1.88728,1.95238,
10_50_64,10,50,110,4792.37,4792.37,4792.37,9366,9167,9167,1.91283,1.95238,
10_50_65,10,50,110,4268.49,4268.49,4268.49,8344,8128,8128,1.90419,1.95238,
10_50_66,10,50,110,4821.68,4821.68,4821.68,9431,9069,9069,1.88088,1.95238,
10_50_67,10,50,110,4456.37,4456.37,4456.37,8711,8491,8491,1.90536,1.95238,
10_50_68,10,50,110,4049.05,4049.05,4049.05,7914,7731,7731,1.90934,1.95238,
10_50_69,10,50,110,4662.66,4662.66,4662.66,9116,8849,8849,1.89784,1.95238,
10_50_70,10,50,110,4052.1,4052.1,4052.1,7926,7616,7616,1.87952,1.95238,
10_50_71,10,50,110,4181.61,4181.61,4181.61,8178,7886,7886,1.88588,1.95238,
10_50_72,10,50,110,4561.44,4561.44,4561.44,8919,8639,8639,1.89392,1.95238,
10_50_73,10,50,110,4773.29,4773.29,4773.29,9343,8845,8845,1.85302,1.95238,
10_50_74,10,50,110,4625.32,4625.32,4625.32,9046,8718,8718,1.88484,1.95238,
10_50_75,10,50,110,4594.22,4594.22,4594.22,8978,8803,8803,1.9161,1.95238,
10_50_76,10,50,110,4354.73,4354.73,4354.73,8512,8304,8304,1.90689,1.95238,
10_50_77,10,50,110,4335.27,4335.27,4335.27,8474,8266,8266,1.90669,1.95238,
10_50_78,10,50,110,3896.61,3896.61,3896.61,7623,7301,7301,1.87368,1.95238,
10_50_79,10,50,110,4500.78,4500.78,4500.78,8797,8592,8592,1.909,1.95238,
10_50_80,10,50,110,5218.29,5218.29,5218.29,10198,9990,9990,1.91442,1.95238,
10_50_81,10,50,110,4400.98,4400.98,4400.98,8606,8320,8320,1.89049,1.95238,
10_50_82,10,50,110,4324.93,4324.93,4324.93,8460,8122,8122,1.87795,1.95238,
10_50_83,10,50,110,4421.68,4421.68,4421.68,8656,8169,8169,1.84749,1.95238,
10_50_84,10,50,110,4760.07,4760.07,4760.07,9322,8723,8723,1.83253,1.95238,
10_50_85,10,50,110,4416.51,4416.51,4416.51,8635,8377,8377,1.89675,1.95238,
10_50_86,10,50,110,4648.56,4648.56,4648.56,9096,8671,8671,1.86531,1.95238,
10_50_87,10,50,110,4807.68,4807.68,4807.68,9400,9115,9115,1.89592,1.95238,
10_50_88,10,50,110,4542.9,4542.9,4542.9,8868,8899,8868,1.95206,1.95238,
10_50_89,10,50,110,3961.22,3961.22,3961.22,7750,7410,7410,1.87064,1.95238,
10_50_90,10,50,110,4096.51,4096.51,4096.51,8006,7837,7837,1.91309,1.95238,
10_50_91,10,50,110,4488.83,4488.83,4488.83,8772,8602,8602,1.91631,1.95238,
10_50_92,10,50,110,4361.68,4361.68,4361.68,8541,8009,8009,1.83622,1.95238,
10_50_93,10,50,110,4399.56,4399.56,4399.56,8593,8522,8522,1.93701,1.95238,
10_50_94,10,50,110,4646.76,4646.76,4646.76,9079,8937,8937,1.92328,1.95238,
10_50_95,10,50,110,4594,4594,4594,8973,8894,8894,1.936,1.95238,
10_50_96,10,50,110,4176.66,4176.66,4176.66,8162,8003,8003,1.91613,1.95238,
10_50_97,10,50,110,4078.37,4078.37,4078.37,7970,7813,7813,1.91572,1.95238,
10_50_98,10,50,110,4981.12,4981.12,4981.12,9748,9266,9266,1.86022,1.95238,
10_50_99,10,50,110,4886.29,4886.29,4886.29,9540,9538,9538,1.95199,1.95238,
10_100_0,10,100,210,9570.41,9570.41,9570.41,18720,17987,17987,1.87944,1.95238,
10_100_1,10,100,210,8512.66,8512.66,8512.66,16631,16399,16399,1.92643,1.95238,
10_100_2,10,100,210,9124.17,9124.17,9124.17,17827,17551,17551,1.92357,1.95238,
10_100_3,10,100,210,8371.32,8371.32,8371.32,16364,15944,15944,1.9046,1.95238,
10_100_4,10,100,210,9038.32,9038.32,9038.32,17659,17391,17391,1.92414,1.95238,
10_100_5,10,100,210,8756.98,8756.98,8756.98,17130,16436,16436,1.8769,1.95238,
10_100_6,10,100,210,9259.76,9259.76,9259.76,18096,17730,17730,1.91474,1.95238,
10_100_7,10,100,210,9277.37,9277.37,9277.37,18145,17472,17472,1.88329,1.95238,
10_100_8,10,100,210,8476.61,8476.61,8476.61,16572,16101,16101,1.89946,1.95238,
10_100_9,10,100,210,8210.02,8210.02,8210.02,16059,15431,15431,1.87953,1.95238,
10_100_10,10,100,210,8242.8,8242.8,8242.8,16117,15615,15615,1.89438,1.95238,
10_100_11,10,100,210,8966.56,8966.56,8966.56,17529,17049,17049,1.9014,1.95238,
10_100_12,10,100,210,8824.46,8824.46,8824.46,17248,16843,16843,1.90867,1.95238,
10_100_13,10,100,210,8932.2,8932.2,8932.2,17488,16460,16460,1.84277,1.95238,
10_100_14,10,100,210,8645.59,8645.59,8645.59,16905,16369,16369,1.89334,1.95238,
10_100_15,10,100,210,8267.12,8267.12,8267.12,16172,15512,15512,1.87635,1.95238,
10_100_16,10,100,210,8032.39,8032.39,8032.39,15719,14948,14948,1.86097,1.95238,
10_100_17,10,100,210,9205.56,9205.56,9205.56,18000,17428,17428,1.8932,1.95238,
10_100_18,10,100,210,9169.15,9169.15,9169.15,17944,17055,17055,1.86004,1.95238,
10_100_19,10,100,210,9030.93,9030.93,9030.93,17638,17508,17508,1.93867,1.95238,
10_100_20,10,100,210,8490.05,8490.05,8490.05,16588,16332,16332,1.92366,1.95238,
10_100_21,10,100,210,8838.85,8838.85,8838.85,17255,17293,17255,1.95218,1.95238,
10_100_22,10,100,210,8433.37,8433.37,8433.37,16469,16388,16388,1.94323,1.95238,
10_100_23,10,100,210,9312.54,9312.54,9312.54,18207,17674,17674,1.89787,1.95238,
10_100_24,10,100,210,9152.59,9152.59,9152.59,17880,17656,17656,1.92907,1.95238,
10_100_25,10,100,210,8687.59,8687.59,8687.59,16989,16411,16411,1.88902,1.95238,
10_100_26,10,100,210,8808.41,8808.41,8808.41,17209,16965,16965,1.926,1.95238,
10_100_27,10,100,210,8367.12,8367.12,8367.12,16343,16192,16192,1.93519,1.95238,
10_100_28,10,100,210,8294.85,8294.85,8294.85,16216,15769,15769,1.90106,1.95238,
10_100_29,10,100,210,8819.41,8819.41,8819.41,17247,16656,16656,1.88856,1.95238,
10_100_30,10,100,210,8908.17,8908.17,8908.17,17418,16875,16875,1.89433,1.95238,
10_100_31,10,100,210,8970.15,8970.15,8970.15,17542,16936,16936,1.88804,1.95238,
10_100_32,10,100,210,8404.05,8404.05,8404.05,16458,15406,15406,1.83316,1.95238,
10_100_33,10,100,210,8837.93,8837.93,8837.93,17289,16575,16575,1.87544,1.95238,
10_100_34,10,100,210,8806.37,8806.37,8806.37,17242,16221,16221,1.84196,1.95238,
10_100_35,10,100,210,8984.68,8984.68,8984.68,17560,17172,17172,1.91125,1.95238,
10_100_36,10,100,210,9271.1,9271.1,9271.1,18133,17455,17455,1.88273,1.95238,
10_100_37,10,100,210,9321.93,9321.93,9321.93,18220,17799,17799,1.90937,1.95238,
10_100_38,10,100,210,8465.51,8465.51,8465.51,16543,16226,16226,1.91672,1.95238,
10_100_39,10,100,210,8505.63,8505.63,8505.63,16641,15911,15911,1.87064,1.95238,
10_100_40,10,100,210,8967.59,8967.59,8967.59,17535,16971,16971,1.89248,1.95238,
10_100_41,10,100,210,8497.61,8497.61,8497.61,16616,16082,16082,1.89253,1.95238,
10_100_42,10,100,210,8375.83,8375.83,8375.83,16384,15729,15729,1.8779,1.95238,
10_100_43,10,100,210,9211.17,9211.17,9211.17,18003,17598,17598,1.91051,1.95238,
10_100_44,10,100,210,8818,8818,8818,17238,16778,16778,1.9027,1.95238,
10_100_45,10,100,210,9184.02,9184.02,9184.02,17940,17745,17745,1.93216,1.95238,
10_100_46,10,100,210,9007.41,9007.41,9007.41,17613,17044,17044,1.89222,1.95238,
10_100_47,10,100,210,9603.54,9603.54,9603.54,18769,18365,18365,1.91232,1.95238,
10_100_48,10,100,210,8739.59,8739.59,8739.59,17091,16503,16503,1.8883,1.95238,
10_100_49,10,100,210,8203.41,8203.41,8203.41,16028,15780,15780,1.92359,1.95238,
10_100_50,10,100,210,8502.15,8502.15,8502.15,16625,16088,16088,1.89223,1.95238,
10_100_51,10,100,210,9533.76,9533.76,9533.76,18616,18564,18564,1.94719,1.95238,
10_100_52,10,100,210,8724.68,8724.68,8724.68,17057,16572,16572,1.89944,1.95238,
10_100_53,10,100,210,9045.68,9045.68,9045.68,17710,16673,16673,1.8432,1.95238,
10_100_54,10,100,210,8933.51,8933.51,8933.51,17474,16794,16794,1.87989,1.95238,
10_100_55,10,100,210,9733.41,9733.41,9733.41,19039,18290,18290,1.87909,1.95238,
10_100_56,10,100,210,8741.71,8741.71,8741.71,17113,16150,16150,1.84747,1.95238,
10_100_57,10,100,210,9328.12,9328.12,9328.12,18243,17593,17593,1.88602,1.95238,
10_100_58,10,100,210,9051,9051,9051,17716,16771,16771,1.85294,1.95238,
10_100_59,10,100,210,9114.76,9114.76,9114.76,17810,17505,17505,1.92051,1.95238,
10_100_60,10,100,210,8925,8925,8925,17479,16345,16345,1.83137,1.95238,
10_100_61,10,100,210,8841.1,8841.1,8841.1,17285,16785,16785,1.89852,1.95238,
10_100_62,10,100,210,8584.46,8584.46,8584.46,16791,16143,16143,1.88049,1.95238,
10_100_63,10,100,210,9452.46,9452.46,9452.46,18493,17691,17691,1.87158,1.95238,
10_100_64,10,100,210,8384.71,8384.71,8384.71,16397,15833,15833,1.88832,1.95238,
10_100_65,10,100,210,8535.02,8535.02,8535.02,16727,15396,15396,1.80386,1.95238,
10_100_66,10,100,210,8680.78,8680.78,8680.78,16987,16172,16172,1.86297,1.95238,
10_100_67,10,100,210,8826.1,8826.1,8826.1,17279,16290,16290,1.84566,1.95238,
10_100_68,10,100,210,8485.63,8485.63,8485.63,16588,16151,16151,1.90333,1.95238,
10_100_69,10,100,210,8689.59,8689.59,8689.59,16990,16473,16473,1.89572,1.95238,
10_100_70,10,100,210,8720.85,8720.85,8720.85,17067,16215,16215,1.85934,1.95238,
10_100_71,10,100,210,8691.95,8691.95,8691.95,16978,16810,16810,1.93397,1.95238,
10_100_72,10,100,210,9318.22,9318.22,9318.22,18228,17487,17487,1.87665,1.95238,
10_100_73,10,100,210,8565.15,8565.15,8565.15,16729,16591,16591,1.93704,1.95238,
10_100_74,10,100,210,9103.88,9103.88,9103.88,17822,16819,16819,1.84745,1.95238,
10_100_75,10,100,210,8166.22,8166.22,8166.22,15963,15555,15555,1.9048,1.95238,
10_100_76,10,100,210,9736,9736,9736,19054,18096,18096,1.85867,1.95238,
10_100_77,10,100,210,8943.22,8943.22,8943.22,17519,16292,16292,1.82172,1.95238,
10_100_78,10,100,210,8452.02,8452.02,8452.02,16506,16413,16413,1.9419,1.95238,
10_100_79,10,100,210,8152.29,8152.29,8152.29,15952,15204,15204,1.865,1.95238,
10_100_80,10,100,210,8645.44,8645.44,8645.44,16891,16643,16643,1.92506,1.95238,
10_100_81,10,100,210,9408.88,9408.88,9408.88,18390,17964,17964,1.90926,1.95238,
10_100_82,10,100,210,8608.56,8608.56,8608.56,16833,16291,16291,1.89242,1.95238,
10_100_83,10,100,210,8831.02,8831.02,8831.02,17263,16812,16812,1.90374,1.95238,
10_100_84,10,100,210,8986.1,8986.1,8986.1,17580,16830,16830,1.87289,1.95238,
10_100_85,10,100,210,8853.63,8853.63,8853.63,17309,16819,16819,1.89967,1.95238,
10_100_86,10,100,210,8783.27,8783.27,8783.27,17156,16994,16994,1.93482,1.95238,
10_100_87,10,100,210,9043.27,9043.27,9043.27,17692,16934,16934,1.87255,1.95238,
10_100_88,10,100,210,8402.78,8402.78,8402.78,16432,15874,15874,1.88914,1.95238,
10_100_89,10,100,210,9113.61,9113.61,9113.61,17826,17138,17138,1.88048,1.95238,
10_100_90,10,100,210,8786.73,8786.73,8786.73,17195,16356,16356,1.86144,1.95238,
10_100_91,10,100,210,9256.1,9256.1,9256.1,18090,17700,17700,1.91225,1.95238,
10_100_92,10,100,210,8693.61,8693.61,8693.61,16996,16518,16518,1.90002,1.95238,
10_100_93,10,100,210,9751.29,9751.29,9751.29,19088,18043,18043,1.85032,1.95238,
10_100_94,10,100,210,8156.66,8156.66,8156.66,15938,15663,15663,1.92027,1.95238,
10_100_95,10,100,210,8730.95,8730.95,8730.95,17078,16409,16409,1.87941,1.95238,
10_100_96,10,100,210,8853.73,8853.73,8853.73,17311,16783,16783,1.89558,1.95238,
10_100_97,10,100,210,8982.71,8982.71,8982.71,17581,16671,16671,1.8559,1.95238,
10_100_98,10,100,210,8499.22,8499.22,8499.22,16605,16368,16368,1.92582,1.95238,
10_100_99,10,100,210,7528,7528,7528,14722,14208,14208,1.88735,1.95238,
10_200_0,10,200,410,17653.5,17653.5,17653.5,34532,33155,33155,1.87809,1.95238,
10_200_1,10,200,410,17000.7,17000.7,17000.7,33259,31849,31849,1.87339,1.95238,
10_200_2,10,200,410,16893.7,16893.7,16893.7,33028,32080,32080,1.89894,1.95238,
10_200_3,10,200,410,17002.3,17002.3,17002.3,33267,31754,31754,1.86763,1.95238,
10_200_4,10,200,410,17682.3,17682.3,17682.3,34575,33473,33473,1.89303,1.95238,
10_200_5,10,200,410,18239.2,18239.2,18239.2,35660,34607,34607,1.8974,1.95238,
10_200_6,10,200,410,17097.9,17097.9,17097.9,33445,32115,32115,1.8783,1.95238,
10_200_7,10,200,410,18347.9,18347.9,18347.9,35870,34862,34862,1.90006,1.95238,
10_200_8,10,200,410,16628.7,16628.7,16628.7,32512,31536,31536,1.89648,1.95238,
10_200_9,10,200,410,17612,17612,17612,34467,32753,32753,1.8597,1.95238,
10_200_10,10,200,410,17456.1,17456.1,17456.1,34134,33022,33022,1.89171,1.95238,
10_200_11,10,200,410,17419.5,17419.5,17419.5,34063,32939,32939,1.89093,1.95238,
10_200_12,10,200,410,17964.6,17964.6,17964.6,35120,34147,34147,1.9008,1.95238,
10_200_13,10,200,410,17389.7,17389.7,17389.7,34013,32717,32717,1.8814,1.95238,
10_200_14,10,200,410,18057.6,18057.6,18057.6,35322,33923,33923,1.8786,1.95238,
10_200_15,10,200,410,17166.2,17166.2,17166.2,33572,32373,32373,1.88586,1.95238,
10_200_16,10,200,410,18149.5,18149.5,18149.5,35500,34129,34129,1.88044,1.95238,
10_200_17,10,200,410,18680.9,18680.9,18680.9,36557,34775,34775,1.86153,1.95238,
10_200_18,10,200,410,17572.4,17572.4,17572.4,34349,33489,33489,1.90577,1.95238,
10_200_19,10,200,410,17288.5,17288.5,17288.5,33804,32750,32750,1.89432,1.95238,
10_200_20,10,200,410,16441,16441,16441,32132,31440,31440,1.9123,1.95238,
10_200_21,10,200,410,16973.9,16973.9,16973.9,33211,31710,31710,1.86816,1.95238,
10_200_22,10,200,410,17466.6,17466.6,17466.6,34157,32991,32991,1.8888,1.95238,
10_200_23,10,200,410,17660.2,17660.2,17660.2,34515,33767,33767,1.91204,1.95238,
10_200_24,10,200,410,17670,17670,17670,34543,33608,33608,1.90199,1.95238,
10_200_25,10,200,410,17937,17937,17937,35075,33917,33917,1.8909,1.95238,
10_200_26,10,200,410,17474,17474,17474,34160,33232,33232,1.9018,1.95238,
10_200_27,10,200,410,17488.2,17488.2,17488.2,34189,33236,33236,1.90048,1.95238,
10_200_28,10,200,410,18048.3,18048.3,18048.3,35296,34062,34062,1.88726,1.95238,
10_200_29,10,200,410,16414.9,16414.9,16414.9,32101,30991,30991,1.88798,1.95238,
10_200_30,10,200,410,18059.1,18059.1,18059.1,35305,34322,34322,1.90054,1.95238,
10_200_31,10,200,410,17954.3,17954.3,17954.3,35091,34306,34306,1.91074,1.95238,
10_200_32,10,200,410,18095.9,18095.9,18095.9,35398,33971,33971,1.87728,1.95238,
10_200_33,10,200,410,18032.5,18032.5,18032.5,35260,34134,34134,1.89291,1.95238,
10_200_34,10,200,410,18099.5,18099.5,18099.5,35386,34361,34361,1.89845,1.95238,
10_200_35,10,200,410,17379.3,17379.3,17379.3,33988,32793,32793,1.8869,1.95238,
10_200_36,10,200,410,16354.9,16354.9,16354.9,31974,31070,31070,1.89974,1.95238,
10_200_37,10,200,410,17806.9,17806.9,17806.9,34823,33624,33624,1.88825,1.95238,
10_200_38,10,200,410,18114.8,18114.8,18114.8,35404,34627,34627,1.91153,1.95238,
10_200_39,10,200,410,16748.7,16748.7,16748.7,32711,32476,32476,1.93902,1.95238,
10_200_40,10,200,410,18101,18101,18101,35380,34543,34543,1.90834,1.95238,
10_200_41,10,200,410,17077.6,17077.6,17077.6,33389,32401,32401,1.89728,1.95238,
10_200_42,10,200,410,17492.9,17492.9,17492.9,34207,33069,33069,1.89042,1.95238,
10_200_43,10,200,410,17325.4,17325.4,17325.4,33887,32601,32601,1.88169,1.95238,
10_200_44,10,200,410,17188.2,17188.2,17188.2,33620,32316,32316,1.88013,1.95238,
10_200_45,10,200,410,17158.3,17158.3,17158.3,33546,32572,32572,1.89832,1.95238,
10_200_46,10,200,410,16941.2,16941.2,16941.2,33116,32270,32270,1.90482,1.95238,
10_200_47,10,200,410,17826.7,17826.7,17826.7,34871,33473,33473,1.87769,1.95238,
10_200_48,10,200,410,16749.9,16749.9,16749.9,32767,31404,31404,1.87488,1.95238,
10_200_49,10,200,410,17620.7,17620.7,17620.7,34469,33070,33070,1.87677,1.95238,
10_200_50,10,200,410,17976,17976,17976,35154,33935,33935,1.8878,1.95238,
10_200_51,10,200,410,17141,17141,17141,33551,31763,31763,1.85304,1.95238,
10_200_52,10,200,410,17213.6,17213.6,17213.6,33667,32416,32416,1.88317,1.95238,
10_200_53,10,200,410,17032.6,17032.6,17032.6,33317,31997,31997,1.87857,1.95238,
10_200_54,10,200,410,17101.8,17101.8,17101.8,33467,31835,31835,1.8615,1.95238,
10_200_55,10,200,410,17350.5,17350.5,17350.5,33920,32971,32971,1.90029,1.95238,
10_200_56,10,200,410,17792,17792,17792,34773,34010,34010,1.91154,1.95238,
10_200_57,10,200,410,17271.2,17271.2,17271.2,33769,32741,32741,1.89569,1.95238,
10_200_58,10,200,410,17786,17786,17786,34773,33768,33768,1.89857,1.95238,
10_200_59,10,200,410,16823.5,16823.5,16823.5,32905,31662,31662,1.88201,1.95238,
10_200_60,10,200,410,17081.4,17081.4,17081.4,33431,31719,31719,1.85693,1.95238,
10_200_61,10,200,410,17369.8,17369.8,17369.8,33978,32602,32602,1.87694,1.95238,
10_200_62,10,200,410,17349.9,17349.9,17349.9,33937,32607,32607,1.87937,1.95238,
10_200_63,10,200,410,16713.6,16713.6,16713.6,32686,31539,31539,1.88702,1.95238,
10_200_64,10,200,410,17799.5,17799.5,17799.5,34824,33298,33298,1.87073,1.95238,
10_200_65,10,200,410,17548.6,17548.6,17548.6,34321,33071,33071,1.88454,1.95238,
10_200_66,10,200,410,17318.3,17318.3,17318.3,33887,32310,32310,1.86566,1.95238,
10_200_67,10,200,410,17171.3,17171.3,17171.3,33558,32862,32862,1.91378,1.95238,
10_200_68,10,200,410,17193.4,17193.4,17193.4,33598,32971,32971,1.91765,1.95238,
10_200_69,10,200,410,18415.7,18415.7,18415.7,36015,34745,34745,1.8867,1.95238,
10_200_70,10,200,410,17654.5,17654.5,17654.5,34549,32854,32854,1.86094,1.95238,
10_200_71,10,200,410,16821.3,16821.3,16821.3,32905,31572,31572,1.87691,1.95238,
10_200_72,10,200,410,18113.2,18113.2,18113.2,35445,33740,33740,1.86273,1.95238,
10_200_73,10,200,410,16631,16631,16631,32527,31330,31330,1.88383,1.95238,
10_200_74,10,200,410,17811.2,17811.2,17811.2,34836,33538,33538,1.88298,1.95238,
10_200_75,10,200,410,18744.3,18744.3,18744.3,36650,35518,35518,1.89487,1.95238,
10_200_76,10,200,410,17981.6,17981.6,17981.6,35182,33605,33605,1.86886,1.95238,
10_200_77,10,200,410,17192.8,17192.8,17192.8,33603,32846,32846,1.91045,1.95238,
10_200_78,10,200,410,17886,17886,17886,34973,33867,33867,1.89349,1.95238,
10_200_79,10,200,410,18512.9,18512.9,18512.9,36193,35169,35169,1.8997,1.95238,
10_200_80,10,200,410,18202.3,18202.3,18202.3,35570,34896,34896,1.91712,1.95238,
10_200_81,10,200,410,17740,17740,17740,34681,33720,33720,1.90079,1.95238,
10_200_82,10,200,410,17561.4,17561.4,17561.4,34345,33118,33118,1.88584,1.95238,
10_200_83,10,200,410,18250.3,18250.3,18250.3,35684,34583,34583,1.89493,1.95238,
10_200_84,10,200,410,17994.1,17994.1,17994.1,35177,34218,34218,1.90162,1.95238,
10_200_85,10,200,410,17312.8,17312.8,17312.8,33858,32666,32666,1.88681,1.95238,
10_200_86,10,200,410,17447.4,17447.4,17447.4,34127,32804,32804,1.88016,1.95238,
10_200_87,10,200,410,18466.8,18466.8,18466.8,36090,35337,35337,1.91355,1.95238,
10_200_88,10,200,410,17452.4,17452.4,17452.4,34124,33070,33070,1.89486,1.95238,
10_200_89,10,200,410,18252.8,18252.8,18252.8,35696,34443,34443,1.887,1.95238,
10_200_90,10,200,410,17554.2,17554.2,17554.2,34325,33223,33223,1.89259,1.95238,
10_200_91,10,200,410,17182.2,17182.2,17182.2,33598,32512,32512,1.89219,1.95238,
10_200_92,10,200,410,17518.9,17518.9,17518.9,34244,33396,33396,1.90628,1.95238,
10_200_93,10,200,410,18472.4,18472.4,18472.4,36116,35048,35048,1.89732,1.95238,
10_200_94,10,200,410,16596.5,16596.5,16596.5,32446,31535,31535,1.9001,1.95238,
10_200_95,10,200,410,17699.7,17699.7,17699.7,34636,32966,32966,1.86252,1.95238,
10_200_96,10,200,410,17124.4,17124.4,17124.4,33473,32639,32639,1.906,1.95238,
10_200_97,10,200,410,17561.1,17561.1,17561.1,34349,33025,33025,1.88058,1.95238,
10_200_98,10,200,410,18048.5,18048.5,18048.5,35292,34149,34149,1.89207,1.95238,
10_200_99,10,200,410,16732.7,16732.7,16732.7,32755,30942,30942,1.84919,1.95238,
20_100_0,20,100,220,8412.48,8412.48,8412.48,16639,15851,15851,1.88422,1.97561,
20_100_1,20,100,220,9067.21,9067.21,9067.21,17923,17524,17524,1.93268,1.97561,
20_100_2,20,100,220,9459.3,9459.3,9459.3,18699,18243,18243,1.92858,1.97561,
20_100_3,20,100,220,7947.88,7947.88,7947.88,15716,15138,15138,1.90466,1.97561,
20_100_4,20,100,220,8534.8,8534.8,8534.8,16870,16519,16519,1.93549,1.97561,
20_100_5,20,100,220,8879.32,8879.32,8879.32,17564,16665,16665,1.87683,1.97561,
20_100_6,20,100,220,8199.63,8199.63,8199.63,16216,15530,15530,1.89399,1.97561,
20_100_7,20,100,220,9189.62,9189.62,9189.62,18177,17279,17279,1.88027,1.97561,
20_100_8,20,100,220,7852.51,7852.51,7852.51,15521,15213,15213,1.93734,1.97561,
20_100_9,20,100,220,7896.4,7896.4,7896.4,15618,14888,14888,1.88542,1.97561,
20_100_10,20,100,220,8894.85,8894.85,8894.85,17586,17043,17043,1.91605,1.97561,
20_100_11,20,100,220,9227.38,9227.38,9227.38,18237,17938,17938,1.944,1.97561,
20_100_12,20,100,220,8732.67,8732.67,8732.67,17259,16986,16986,1.94511,1.97561,
20_100_13,20,100,220,8678.74,8678.74,8678.74,17162,16498,16498,1.90097,1.97561,
20_100_14,20,100,220,8515.25,8515.25,8515.25,16832,16455,16455,1.93242,1.97561,
20_100_15,20,100,220,8208.46,8208.46,8208.46,16233,15565,15565,1.89622,1.97561,
20_100_16,20,100,220,7984.16,7984.16,7984.16,15793,14997,14997,1.87834,1.97561,
20_100_17,20,100,220,8943.79,8943.79,8943.79,17689,16887,16887,1.88813,1.97561,
20_100_18,20,100,220,8311.56,8311.56,8311.56,16433,15916,15916,1.91492,1.97561,
20_100_19,20,100,220,9149.79,9149.79,9149.79,18087,17653,17653,1.92933,1.97561,
20_100_20,20,100,220,8080.74,8080.74,8080.74,15977,15460,15460,1.91319,1.97561,
20_100_21,20,100,220,8649.72,8649.72,8649.72,17111,16187,16187,1.87139,1.97561,
20_100_22,20,100,220,9204.04,9204.04,9204.04,18182,18247,18182,1.97544,1.97561,
20_100_23,20,100,220,9031.06,9031.06,9031.06,17862,17036,17036,1.88638,1.97561,
20_100_24,20,100,220,8141.69,8141.69,8141.69,16103,15357,15357,1.88622,1.97561,
20_100_25,20,100,220,8418.17,8418.17,8418.17,16638,16352,16352,1.94246,1.97561,
20_100_26,20,100,220,8425.05,8425.05,8425.05,16664,15869,15869,1.88355,1.97561,
20_100_27,20,100,220,9003.4,9003.4,9003.4,17801,17235,17235,1.91428,1.97561,
20_100_28,20,100,220,8937.69,8937.69,8937.69,17681,16713,16713,1.86995,1.97561,
20_100_29,20,100,220,8344.73,8344.73,8344.73,16497,16043,16043,1.92253,1.97561,
20_100_30,20,100,220,8569.43,8569.43,8569.43,16937,16644,16644,1.94225,1.97561,
20_100_31,20,100,220,8249.36,8249.36,8249.36,16312,15718,15718,1.90536,1.97561,
20_100_32,20,100,220,8246.32,8246.32,8246.32,16306,15712,15712,1.90533,1.97561,
20_100_33,20,100,220,9219.47,9219.47,9219.47,18223,17857,17857,1.93688,1.97561,
20_100_34,20,100,220,8270.77,8270.77,8270.77,16350,15932,15932,1.9263,1.97561,
20_100_35,20,100,220,8091.31,8091.31,8091.31,16003,15276,15276,1.88795,1.97561,
20_100_36,20,100,220,8950.33,8950.33,8950.33,17686,17537,17537,1.95937,1.97561,
20_100_37,20,100,220,8469.59,8469.59,8469.59,16742,16357,16357,1.93126,1.97561,
20_100_38,20,100,220,8907.62,8907.62,8907.62,17624,16557,16557,1.85875,1.97561,
20_100_39,20,100,220,8317.68,8317.68,8317.68,16448,15812,15812,1.90101,1.97561,
20_100_40,20,100,220,8623.41,8623.41,8623.41,17055,16296,16296,1.88974,1.97561,
20_100_41,20,100,220,9635.67,9635.67,9635.67,19051,18449,18449,1.91466,1.97561,
20_100_42,20,100,220,8354.05,8354.05,8354.05,16517,15998,15998,1.915,1.97561,
20_100_43,20,100,220,8659.65,8659.65,8659.65,17117,16752,16752,1.93449,1.97561,
20_100_44,20,100,220,8565.04,8565.04,8565.04,16939,16208,16208,1.89234,1.97561,
20_100_45,20,100,220,8229.7,8229.7,8229.7,16271,15766,15766,1.91574,1.97561,
20_100_46,20,100,220,8615.27,8615.27,8615.27,17036,16397,16397,1.90325,1.97561,
20_100_47,20,100,220,8630.17,8630.17,8630.17,17067,16364,16364,1.89614,1.97561,
20_100_48,20,100,220,7859.64,7859.64,7859.64,15542,14951,14951,1.90225,1.97561,
20_100_49,20,100,220,8463.56,8463.56,8463.56,16738,16028,16028,1.89377,1.97561,
20_100_50,20,100,220,8370.74,8370.74,8370.74,16557,15750,15750,1.88155,1.97561,
20_100_51,20,100,220,8424.27,8424.27,8424.27,16655,16166,16166,1.91898,1.97561,
20_100_52,20,100,220,7991.31,7991.31,7991.31,15808,14976,14976,1.87404,1.97561,
20_100_53,20,100,220,8763.91,8763.91,8763.91,17322,16997,16997,1.93943,1.97561,
20_100_54,20,100,220,8324.78,8324.78,8324.78,16470,15507,15507,1.86275,1.97561,
20_100_55,20,100,220,8321.49,8321.49,8321.49,16459,15681,15681,1.8844,1.97561,
20_100_56,20,100,220,8285.33,8285.33,8285.33,16377,16032,16032,1.93499,1.97561,
20_100_57,20,100,220,8611.42,8611.42,8611.42,17028,16405,16405,1.90503,1.97561,
20_100_58,20,100,220,8497.31,8497.31,8497.31,16804,16122,16122,1.89731,1.97561,
20_100_59,20,100,220,9137.2,9137.2,9137.2,18074,17153,17153,1.87727,1.97561,
20_100_60,20,100,220,8730.64,8730.64,8730.64,17262,16702,16702,1.91303,1.97561,
20_100_61,20,100,220,8103.59,8103.59,8103.59,16029,15231,15231,1.87954,1.97561,
20_100_62,20,100,220,8806.99,8806.99,8806.99,17418,16646,16646,1.89009,1.97561,
20_100_63,20,100,220,8949.35,8949.35,8949.35,17699,16937,16937,1.89254,1.97561,
20_100_64,20,100,220,8861.53,8861.53,8861.53,17518,17064,17064,1.92563,1.97561,
20_100_65,20,100,220,8460.12,8460.12,8460.12,16727,16190,16190,1.91368,1.97561,
20_100_66,20,100,220,8677.2,8677.2,8677.2,17170,16053,16053,1.85002,1.97561,
20_100_67,20,100,220,8704.16,8704.16,8704.16,17205,16837,16837,1.93436,1.97561,
20_100_68,20,100,220,8364,8364,8364,16534,16124,16124,1.92779,1.97561,
20_100_69,20,100,220,9412.35,9412.35,9412.35,18607,18120,18120,1.92513,1.97561,
20_100_70,20,100,220,9059.96,9059.96,9059.96,17905,17657,17657,1.9489,1.97561,
20_100_71,20,100,220,7998.74,7998.74,7998.74,15813,15378,15378,1.92255,1.97561,
20_100_72,20,100,220,8291.11,8291.11,8291.11,16391,15940,15940,1.92254,1.97561,
20_100_73,20,100,220,8088.46,8088.46,8088.46,15987,15685,15685,1.93918,1.97561,
20_100_74,20,100,220,8224.36,8224.36,8224.36,16264,15613,15613,1.89839,1.97561,
20_100_75,20,100,220,8866.11,8866.11,8866.11,17534,16795,16795,1.89429,1.97561,
20_100_76,20,100,220,8579.7,8579.7,8579.7,16960,16556,16556,1.92967,1.97561,
20_100_77,20,100,220,7861.6,7861.6,7861.6,15548,14870,14870,1.89147,1.97561,
20_100_78,20,100,220,9314.36,9314.36,9314.36,18423,17543,17543,1.88344,1.97561,
20_100_79,20,100,220,9027.88,9027.88,9027.88,17854,17098,17098,1.89391,1.97561,
20_100_80,20,100,220,8389.4,8389.4,8389.4,16593,15821,15821,1.88583,1.97561,
20_100_81,20,100,220,8238.72,8238.72,8238.72,16286,15896,15896,1.92943,1.97561,
20_100_82,20,100,220,8179.01,8179.01,8179.01,16172,15620,15620,1.90977,1.97561,
20_100_83,20,100,220,8199.07,8199.07,8199.07,16215,15525,15525,1.89351,1.97561,
20_100_84,20,100,220,8963.93,8963.93,8963.93,17729,16918,16918,1.88734,1.97561,
20_100_85,20,100,220,8665.02,8665.02,8665.02,17134,16507,16507,1.90501,1.97561,
20_100_86,20,100,220,8673.58,8673.58,8673.58,17146,16720,16720,1.92769,1.97561,
20_100_87,20,100,220,9076.15,9076.15,9076.15,17948,17248,17248,1.90037,1.97561,
20_100_88,20,100,220,8441.41,8441.41,8441.41,16685,16354,16354,1.93735,1.97561,
20_100_89,20,100,220,9635.42,9635.42,9635.42,19058,18149,18149,1.88357,1.97561,
20_100_90,20,100,220,8845.98,8845.98,8845.98,17495,16724,16724,1.89058,1.97561,
20_100_91,20,100,220,9260.91,9260.91,9260.91,18310,17734,17734,1.91493,1.97561,
20_100_92,20,100,220,8112.21,8112.21,8112.21,16037,15609,15609,1.92414,1.97561,
20_100_93,20,100,220,8730.07,8730.07,8730.07,17255,16936,16936,1.93996,1.97561,
20_100_94,20,100,220,9211.35,9211.35,9211.35,18209,17759,17759,1.92795,1.97561,
20_100_95,20,100,220,8813.47,8813.47,8813.47,17428,16771,16771,1.90288,1.97561,
20_100_96,20,100,220,8236.56,8236.56,8236.56,16286,15721,15721,1.90869,1.97561,
20_100_97,20,100,220,9014.43,9014.43,9014.43,17833,16849,16849,1.86911,1.97561,
20_100_98,20,100,220,8813.6,8813.6,8813.6,17429,16742,16742,1.89956,1.97561,
20_100_99,20,100,220,8106.09,8106.09,8106.09,16031,15353,15353,1.89401,1.97561,
20_200_0,20,200,420,17869.3,17869.3,17869.3,35326,34370,34370,1.92341,1.97561,
20_200_1,20,200,420,17314,17314,17314,34243,32710,32710,1.88923,1.97561,
20_200_2,20,200,420,17290.7,17290.7,17290.7,34187,33070,33070,1.91258,1.97561,
20_200_3,20,200,420,16949.4,16949.4,16949.4,33511,32461,32461,1.91517,1.97561,
20_200_4,20,200,420,17273.2,17273.2,17273.2,34144,33372,33372,1.93201,1.97561,
20_200_5,20,200,420,18135.6,18135.6,18135.6,35859,34626,34626,1.90928,1.97561,
20_200_6,20,200,420,16488.4,16488.4,16488.4,32598,31638,31638,1.91881,1.97561,
20_200_7,20,200,420,16708.8,16708.8,16708.8,33031,32175,32175,1.92563,1.97561,
20_200_8,20,200,420,17641.1,17641.1,17641.1,34877,33847,33847,1.91865,1.97561,
20_200_9,20,200,420,17558.4,17558.4,17558.4,34702,34151,34151,1.94499,1.97561,
20_200_10,20,200,420,17426.3,17426.3,17426.3,34456,33293,33293,1.9105,1.97561,
20_200_11,20,200,420,17371.6,17371.6,17371.6,34365,32503,32503,1.87104,1.97561,
20_200_12,20,200,420,17476.7,17476.7,17476.7,34575,32614,32614,1.86614,1.97561,
20_200_13,20,200,420,17030.5,17030.5,17030.5,33671,32629,32629,1.91592,1.97561,
20_200_14,20,200,420,16448.9,16448.9,16448.9,32526,31318,31318,1.90396,1.97561,
20_200_15,20,200,420,17552.3,17552.3,17552.3,34705,33540,33540,1.91086,1.97561,
20_200_16,20,200,420,17163,17163,17163,33940,32601,32601,1.8995,1.97561,
20_200_17,20,200,420,16854.4,16854.4,16854.4,33331,31966,31966,1.8966,1.97561,
20_200_18,20,200,420,17032.1,17032.1,17032.1,33678,32484,32484,1.90722,1.97561,
20_200_19,20,200,420,16852.3,16852.3,16852.3,33320,32240,32240,1.91309,1.97561,
20_200_20,20,200,420,17139,17139,17139,33889,32696,32696,1.9077,1.97561,
20_200_21,20,200,420,17380.6,17380.6,17380.6,34357,33550,33550,1.93031,1.97561,
20_200_22,20,200,420,16903.8,16903.8,16903.8,33421,32370,32370,1.91495,1.97561,
20_200_23,20,200,420,18390.7,18390.7,18390.7,36367,34963,34963,1.90113,1.97561,
20_200_24,20,200,420,17319.2,17319.2,17319.2,34253,32734,32734,1.89004,1.97561,
20_200_25,20,200,420,18524.2,18524.2,18524.2,36632,35179,35179,1.89908,1.97561,
20_200_26,20,200,420,17952.8,17952.8,17952.8,35491,34535,34535,1.92366,1.97561,
20_200_27,20,200,420,17547.3,17547.3,17547.3,34707,33052,33052,1.88359,1.97561,
20_200_28,20,200,420,17209.2,17209.2,17209.2,34025,32943,32943,1.91427,1.97561,
20_200_29,20,200,420,17032.1,17032.1,17032.1,33679,32439,32439,1.90458,1.97561,
20_200_30,20,200,420,17917,17917,17917,35434,33919,33919,1.89312,1.97561,
20_200_31,20,200,420,16572.9,16572.9,16572.9,32783,31087,31087,1.87577,1.97561,
20_200_32,20,200,420,17046.9,17046.9,17046.9,33712,32316,32316,1.89572,1.97561,
20_200_33,20,200,420,17277.3,17277.3,17277.3,34162,32980,32980,1.90886,1.97561,
20_200_34,20,200,420,17438.9,17438.9,17438.9,34475,33554,33554,1.92409,1.97561,
20_200_35,20,200,420,17399,17399,17399,34405,33119,33119,1.9035,1.97561,
20_200_36,20,200,420,16347.6,16347.6,16347.6,32309,31792,31792,1.94476,1.97561,
20_200_37,20,200,420,17128.6,17128.6,17128.6,33870,32614,32614,1.90407,1.97561,
20_200_38,20,200,420,17269.5,17269.5,17269.5,34149,32873,32873,1.90352,1.97561,
20_200_39,20,200,420,17455.2,17455.2,17455.2,34520,33070,33070,1.89457,1.97561,
20_200_40,20,200,420,17598.1,17598.1,17598.1,34801,33403,33403,1.89811,1.97561,
20_200_41,20,200,420,16630.3,16630.3,16630.3,32880,31855,31855,1.91548,1.97561,
20_200_42,20,200,420,17779,17779,17779,35145,34301,34301,1.9293,1.97561,
20_200_43,20,200,420,16888,16888,16888,33392,32247,32247,1.90946,1.97561,
20_200_44,20,200,420,18227.8,18227.8,18227.8,36052,34374,34374,1.8858,1.97561,
20_200_45,20,200,420,17275.5,17275.5,17275.5,34162,32837,32837,1.90078,1.97561,
20_200_46,20,200,420,16385.4,16385.4,16385.4,32402,31141,31141,1.90053,1.97561,
20_200_47,20,200,420,17880.2,17880.2,17880.2,35356,34057,34057,1.90473,1.97561,
20_200_48,20,200,420,17020.8,17020.8,17020.8,33654,32525,32525,1.9109,1.97561,
20_200_49,20,200,420,17424.2,17424.2,17424.2,34450,33362,33362,1.91469,1.97561,
20_200_50,20,200,420,16783.1,16783.1,16783.1,33179,32270,32270,1.92277,1.97561,
20_200_51,20,200,420,16771.8,16771.8,16771.8,33176,31475,31475,1.87666,1.97561,
20_200_52,20,200,420,16618.1,16618.1,16618.1,32870,31264,31264,1.88133,1.97561,
20_200_53,20,200,420,16372.1,16372.1,16372.1,32367,31463,31463,1.92174,1.97561,
20_200_54,20,200,420,17089.3,17089.3,17089.3,33785,32833,32833,1.92126,1.97561,
20_200_55,20,200,420,17098.8,17098.8,17098.8,33809,32639,32639,1.90885,1.97561,
20_200_56,20,200,420,17775.4,17775.4,17775.4,35164,33249,33249,1.8705,1.97561,
20_200_57,20,200,420,17815,17815,17815,35228,33893,33893,1.9025,1.97561,
20_200_58,20,200,420,16716.2,16716.2,16716.2,33042,32334,32334,1.93429,1.97561,
20_200_59,20,200,420,16780.1,16780.1,16780.1,33194,31427,31427,1.87287,1.97561,
20_200_60,20,200,420,16825.6,16825.6,16825.6,33275,31871,31871,1.8942,1.97561,
20_200_61,20,200,420,17179.1,17179.1,17179.1,33960,33111,33111,1.92739,1.97561,
20_200_62,20,200,420,17848,17848,17848,35297,33807,33807,1.89416,1.97561,
20_200_63,20,200,420,17408.8,17408.8,17408.8,34432,32831,32831,1.88589,1.97561,
20_200_64,20,200,420,17408.8,17408.8,17408.8,34426,33069,33069,1.89956,1.97561,
20_200_65,20,200,420,17368.1,17368.1,17368.1,34346,32976,32976,1.89865,1.97561,
20_200_66,20,200,420,17346.6,17346.6,17346.6,34306,32834,32834,1.89282,1.97561,
20_200_67,20,200,420,17057.8,17057.8,17057.8,33730,32484,32484,1.90435,1.97561,
20_200_68,20,200,420,16807.4,16807.4,16807.4,33224,32439,32439,1.93004,1.97561,
20_200_69,20,200,420,17507.7,17507.7,17507.7,34624,33161,33161,1.89408,1.97561,
20_200_70,20,200,420,16531.1,16531.1,16531.1,32684,31661,31661,1.91524,1.97561,
20_200_71,20,200,420,17187.2,17187.2,17187.2,33986,32722,32722,1.90386,1.97561,
20_200_72,20,200,420,17578.7,17578.7,17578.7,34765,33277,33277,1.89303,1.97561,
20_200_73,20,200,420,17384.5,17384.5,17384.5,34381,32907,32907,1.89289,1.97561,
20_200_74,20,200,420,18165.6,18165.6,18165.6,35932,34131,34131,1.87888,1.97561,
20_200_75,20,200,420,17129.8,17129.8,17129.8,33873,32594,32594,1.90277,1.97561,
20_200_76,20,200,420,18128.8,18128.8,18128.8,35852,34354,34354,1.89499,1.97561,
20_200_77,20,200,420,16827.5,16827.5,16827.5,33286,31585,31585,1.87699,1.97561,
20_200_78,20,200,420,17331.7,17331.7,17331.7,34273,32950,32950,1.90114,1.97561,
20_200_79,20,200,420,16817.9,16817.9,16817.9,33263,31731,31731,1.88674,1.97561,
20_200_80,20,200,420,16955.7,16955.7,16955.7,33535,32012,32012,1.88798,1.97561,
20_200_81,20,200,420,17231.2,17231.2,17231.2,34068,33004,33004,1.91537,1.97561,
20_200_82,20,200,420,17683,17683,17683,34980,33127,33127,1.87338,1.97561,
20_200_83,20,200,420,17201.8,17201.8,17201.8,34020,32545,32545,1.89195,1.97561,
20_200_84,20,200,420,17957,17957,17957,35515,33914,33914,1.88863,1.97561,
20_200_85,20,200,420,18406.4,18406.4,18406.4,36409,34562,34562,1.87771,1.97561,
20_200_86,20,200,420,17095.3,17095.3,17095.3,33803,32602,32602,1.90707,1.97561,
20_200_87,20,200,420,17378.2,17378.2,17378.2,34364,33073,33073,1.90313,1.97561,
20_200_88,20,200,420,17130.4,17130.4,17130.4,33871,32726,32726,1.9104,1.97561,
20_200_89,20,200,420,17013,17013,17013,33629,32895,32895,1.93352,1.97561,
20_200_90,20,200,420,17751.9,17751.9,17751.9,35113,33384,33384,1.88059,1.97561,
20_200_91,20,200,420,18549.3,18549.3,18549.3,36683,35174,35174,1.89624,1.97561,
20_200_92,20,200,420,17526.1,17526.1,17526.1,34648,33691,33691,1.92234,1.97561,
20_200_93,20,200,420,16771.9,16771.9,16771.9,33164,31967,31967,1.90598,1.97561,
20_200_94,20,200,420,17898.6,17898.6,17898.6,35379,34623,34623,1.9344,1.97561,
20_200_95,20,200,420,17189,17189,17189,33977,33226,33226,1.93298,1.97561,
20_200_96,20,200,420,17108.8,17108.8,17108.8,33821,32970,32970,1.92708,1.97561,
20_200_97,20,200,420,16753.4,16753.4,16753.4,33140,31424,31424,1.87568,1.97561,
20_200_98,20,200,420,17929.6,17929.6,17929.6,35461,33860,33860,1.88849,1.97561,
20_200_99,20,200,420,16884.4,16884.4,16884.4,33388,32119,32119,1.90228,1.97561,
20_400_0,20,400,820,35581.9,35581.9,35581.9,70359,67773,67773,1.9047,1.97561,
20_400_1,20,400,820,34468.6,34468.6,34468.6,68161,65520,65520,1.90086,1.97561,
20_400_2,20,400,820,33502.5,33502.5,33502.5,66270,62901,62901,1.8775,1.97561,
20_400_3,20,400,820,34733.2,34733.2,34733.2,68675,66392,66392,1.91148,1.97561,
20_400_4,20,400,820,34980.6,34980.6,34980.6,69175,66425,66425,1.89891,1.97561,
20_400_5,20,400,820,35130,35130,35130,69463,67011,67011,1.90751,1.97561,
20_400_6,20,400,820,35170.3,35170.3,35170.3,69566,66158,66158,1.88107,1.97561,
20_400_7,20,400,820,34462.7,34462.7,34462.7,68133,66156,66156,1.91964,1.97561,
20_400_8,20,400,820,35735.3,35735.3,35735.3,70672,67682,67682,1.89398,1.97561,
20_400_9,20,400,820,35379.2,35379.2,35379.2,69974,66757,66757,1.8869,1.97561,
20_400_10,20,400,820,34751.7,34751.7,34751.7,68701,66849,66849,1.92362,1.97561,
20_400_11,20,400,820,33286.3,33286.3,33286.3,65825,63194,63194,1.8985,1.97561,
20_400_12,20,400,820,33311.8,33311.8,33311.8,65880,63054,63054,1.89284,1.97561,
20_400_13,20,400,820,33777,33777,33777,66793,64217,64217,1.9012,1.97561,
20_400_14,20,400,820,34799.2,34799.2,34799.2,68801,66694,66694,1.91654,1.97561,
20_400_15,20,400,820,34281.6,34281.6,34281.6,67798,64891,64891,1.89288,1.97561,
20_400_16,20,400,820,34869,34869,34869,68955,66192,66192,1.8983,1.97561,
20_400_17,20,400,820,34072.5,34072.5,34072.5,67377,64795,64795,1.90168,1.97561,
20_400_18,20,400,820,34347.2,34347.2,34347.2,67933,64804,64804,1.88673,1.97561,
20_400_19,20,400,820,33554.7,33554.7,33554.7,66336,64489,64489,1.92191,1.97561,
20_400_20,20,400,820,33426.8,33426.8,33426.8,66105,63369,63369,1.89576,1.97561,
20_400_21,20,400,820,34904.4,34904.4,34904.4,69024,66298,66298,1.89942,1.97561,
20_400_22,20,400,820,33870.6,33870.6,33870.6,66989,63956,63956,1.88825,1.97561,
20_400_23,20,400,820,33362.7,33362.7,33362.7,65955,64180,64180,1.9237,1.97561,
20_400_24,20,400,820,34062.9,34062.9,34062.9,67345,65296,65296,1.91692,1.97561,
20_400_25,20,400,820,34120.4,34120.4,34120.4,67475,64752,64752,1.89775,1.97561,
20_400_26,20,400,820,36233.7,36233.7,36233.7,71670,68131,68131,1.88032,1.97561,
20_400_27,20,400,820,33862.9,33862.9,33862.9,66971,64051,64051,1.89148,1.97561,
20_400_28,20,400,820,34249.3,34249.3,34249.3,67728,65073,65073,1.89998,1.97561,
20_400_29,20,400,820,34681,34681,34681,68576,66122,66122,1.90658,1.97561,
20_400_30,20,400,820,34615.4,34615.4,34615.4,68460,65448,65448,1.89072,1.97561,
20_400_31,20,400,820,34245.2,34245.2,34245.2,67717,65181,65181,1.90336,1.97561,
20_400_32,20,400,820,35773.3,35773.3,35773.3,70733,68318,68318,1.90975,1.97561,
20_400_33,20,400,820,36529.4,36529.4,36529.4,72246,69040,69040,1.88999,1.97561,
20_400_34,20,400,820,36183.4,36183.4,36183.4,71545,69058,69058,1.90855,1.97561,
20_400_35,20,400,820,33508.4,33508.4,33508.4,66263,63661,63661,1.89985,1.97561,
20_400_36,20,400,820,35306.6,35306.6,35306.6,69801,67796,67796,1.92021,1.97561,
20_400_37,20,400,820,34895.8,34895.8,34895.8,69012,66079,66079,1.89361,1.97561,
20_400_38,20,400,820,35854.4,35854.4,35854.4,70894,68446,68446,1.909,1.97561,
20_400_39,20,400,820,33492.7,33492.7,33492.7,66225,63908,63908,1.90812,1.97561,
20_400_40,20,400,820,33524.9,33524.9,33524.9,66270,64714,64714,1.93033,1.97561,
20_400_41,20,400,820,32985,32985,32985,65219,63022,63022,1.91063,1.97561,
20_400_42,20,400,820,33850.3,33850.3,33850.3,66950,63876,63876,1.88701,1.97561,
20_400_43,20,400,820,33968.5,33968.5,33968.5,67170,64646,64646,1.90312,1.97561,
20_400_44,20,400,820,34475.1,34475.1,34475.1,68170,65684,65684,1.90526,1.97561,
20_400_45,20,400,820,34262.3,34262.3,34262.3,67752,65164,65164,1.90192,1.97561,
20_400_46,20,400,820,35375.7,35375.7,35375.7,69936,67993,67993,1.92202,1.97561,
20_400_47,20,400,820,35029.7,35029.7,35029.7,69256,67162,67162,1.91729,1.97561,
20_400_48,20,400,820,34666.9,34666.9,34666.9,68556,65779,65779,1.89746,1.97561,
20_400_49,20,400,820,35969,35969,35969,71137,68007,68007,1.89071,1.97561,
20_400_50,20,400,820,34722.7,34722.7,34722.7,68669,65778,65778,1.89438,1.97561,
20_400_51,20,400,820,34830.7,34830.7,34830.7,68880,66086,66086,1.89735,1.97561,
20_400_52,20,400,820,34328.6,34328.6,34328.6,67889,65054,65054,1.89504,1.97561,
20_400_53,20,400,820,33590.9,33590.9,33590.9,66425,63864,63864,1.90123,1.97561,
20_400_54,20,400,820,34532.1,34532.1,34532.1,68282,65821,65821,1.90608,1.97561,
20_400_55,20,400,820,34828.5,34828.5,34828.5,68871,66267,66267,1.90267,1.97561,
20_400_56,20,400,820,33124.5,33124.5,33124.5,65490,63481,63481,1.91644,1.97561,
20_400_57,20,400,820,34681.1,34681.1,34681.1,68590,65569,65569,1.89063,1.97561,
20_400_58,20,400,820,33627.2,33627.2,33627.2,66490,64207,64207,1.90937,1.97561,
20_400_59,20,400,820,35533.6,35533.6,35533.6,70266,67579,67579,1.90184,1.97561,
20_400_60,20,400,820,34253.3,34253.3,34253.3,67716,65878,65878,1.92326,1.97561,
20_400_61,20,400,820,34460.1,34460.1,34460.1,68130,66066,66066,1.91718,1.97561,
20_400_62,20,400,820,34579.3,34579.3,34579.3,68393,65204,65204,1.88564,1.97561,
20_400_63,20,400,820,34059.6,34059.6,34059.6,67354,64671,64671,1.89876,1.97561,
20_400_64,20,400,820,34045,34045,34045,67325,64641,64641,1.8987,1.97561,
20_400_65,20,400,820,33209.2,33209.2,33209.2,65686,62504,62504,1.88213,1.97561,
20_400_66,20,400,820,34650.9,34650.9,34650.9,68505,66526,66526,1.91989,1.97561,
20_400_67,20,400,820,33947.9,33947.9,33947.9,67121,64938,64938,1.91287,1.97561,
20_400_68,20,400,820,35493.2,35493.2,35493.2,70186,67510,67510,1.90205,1.97561,
20_400_69,20,400,820,34522.4,34522.4,34522.4,68278,65194,65194,1.88846,1.97561,
20_400_70,20,400,820,34344.3,34344.3,34344.3,67916,65251,65251,1.89991,1.97561,
20_400_71,20,400,820,36454.1,36454.1,36454.1,72071,69943,69943,1.91866,1.97561,
20_400_72,20,400,820,35075.2,35075.2,35075.2,69357,66814,66814,1.90488,1.97561,
20_400_73,20,400,820,33450.5,33450.5,33450.5,66137,64007,64007,1.91349,1.97561,
20_400_74,20,400,820,35990.2,35990.2,35990.2,71174,68245,68245,1.89621,1.97561,
20_400_75,20,400,820,34044.5,34044.5,34044.5,67311,65168,65168,1.9142,1.97561,
20_400_76,20,400,820,34106.1,34106.1,34106.1,67445,64792,64792,1.89972,1.97561,
20_400_77,20,400,820,34378.2,34378.2,34378.2,67982,65351,65351,1.90095,1.97561,
20_400_78,20,400,820,34277,34277,34277,67784,65075,65075,1.8985,1.97561,
20_400_79,20,400,820,34930.1,34930.1,34930.1,69067,66657,66657,1.9083,1.97561,
20_400_80,20,400,820,35085.6,35085.6,35085.6,69384,66576,66576,1.89753,1.97561,
20_400_81,20,400,820,32390.2,32390.2,32390.2,64050,61609,61609,1.90209,1.97561,
20_400_82,20,400,820,36068.5,36068.5,36068.5,71303,69432,69432,1.925,1.97561,
20_400_83,20,400,820,35008.1,35008.1,35008.1,69235,66253,66253,1.89251,1.97561,
20_400_84,20,400,820,34337.4,34337.4,34337.4,67884,65970,65970,1.92123,1.97561,
20_400_85,20,400,820,35311,35311,35311,69828,67069,67069,1.89938,1.97561,
20_400_86,20,400,820,33265,33265,33265,65773,63547,63547,1.91032,1.97561,
20_400_87,20,400,820,34765.6,34765.6,34765.6,68746,66176,66176,1.90349,1.97561,
20_400_88,20,400,820,34767.3,34767.3,34767.3,68754,65989,65989,1.89802,1.97561,
20_400_89,20,400,820,33925.2,33925.2,33925.2,67078,64822,64822,1.91073,1.97561,
20_400_90,20,400,820,34486.7,34486.7,34486.7,68185,66020,66020,1.91436,1.97561,
20_400_91,20,400,820,34055.9,34055.9,34055.9,67335,65130,65130,1.91244,1.97561,
20_400_92,20,400,820,34192,34192,34192,67596,65716,65716,1.92197,1.97561,
20_400_93,20,400,820,33788.1,33788.1,33788.1,66830,63637,63637,1.88341,1.97561,
20_400_94,20,400,820,35437.3,35437.3,35437.3,70073,67505,67505,1.90491,1.97561,
20_400_95,20,400,820,36385.4,36385.4,36385.4,71947,69341,69341,1.90573,1.97561,
20_400_96,20,400,820,33763.9,33763.9,33763.9,66751,64838,64838,1.92033,1.97561,
20_400_97,20,400,820,36176.3,36176.3,36176.3,71533,68958,68958,1.90617,1.97561,
20_400_98,20,400,820,34075.9,34075.9,34075.9,67386,64706,64706,1.89888,1.97561,
20_400_99,20,400,820,34243.3,34243.3,34243.3,67718,64985,64985,1.89775,1.97561,
